Region,Demand,Description,Units,MARKAL Tech,Class,Electrification,Fuel,Vintage,2005,2010,2015,2020,2025,2030,2035,2040,2045,2050,2055
1,TL,Light duty vehicles,bn-vmt,TLCCNG10,Compact car,,CNG,2010,0,0.02,0.02,0.02,0.02,0,0,0,0,0,0
1,TL,Light duty vehicles,bn-vmt,TLCCONV10,Compact car,,GSL,2010,0,7.23,16.34,26.52,33.4,37.74,41.25,42.83,44.1,45.66,47.05
1,TL,Light duty vehicles,bn-vmt,TLCDSL10,Compact car,,DSL,2010,0,0,0.23,0.45,0.59,0.83,0.86,0.87,0.89,0.9,0.92
1,TL,Light duty vehicles,bn-vmt,TLECGSL,Compact car,,GSL,Existing,46.8,32.76,19.19,7.49,0,0,0,0,0,0,0
1,TL,Light duty vehicles,bn-vmt,TLECNGX,Miscl,,CNG,Existing,0.47,0.33,0.19,0.08,0,0,0,0,0,0,0
1,TL,Light duty vehicles,bn-vmt,TLEELC,Miscl,Electric,ELC,Existing,0.07,0.05,0.03,0.01,0.01,0,0,0,0,0,0
1,TL,Light duty vehicles,bn-vmt,TLEETHX,Miscl,,E85,Existing,0.06,0.04,0.03,0.01,0,0,0,0,0,0,0
1,TL,Light duty vehicles,bn-vmt,TLEFDSL,Full size car,,DSL,Existing,0.62,0.44,0.26,0.1,0,0,0,0,0,0,0
1,TL,Light duty vehicles,bn-vmt,TLEFGSL,Full size car,,GSL,Existing,37.4,26.18,15.33,5.98,0,0,0,0,0,0,0
1,TL,Light duty vehicles,bn-vmt,TLELPGX,Miscl,,LPG,Existing,0.63,0.44,0.26,0.1,0,0,0,0,0,0,0
1,TL,Light duty vehicles,bn-vmt,TLELSGSL,Large SUV,,GSL,Existing,8.03,5.63,3.3,1.29,0,0,0,0,0,0,0
1,TL,Light duty vehicles,bn-vmt,TLEMCGSL,Mini car,,GSL,Existing,2.77,1.94,1.14,0.44,0,0,0,0,0,0,0
1,TL,Light duty vehicles,bn-vmt,TLEMGSL,Minivan,,GSL,Existing,16.02,11.21,6.57,2.56,0,0,0,0,0,0,0
1,TL,Light duty vehicles,bn-vmt,TLEPDSL,Pickup,,DSL,Existing,0.33,0.23,0.13,0.05,0,0,0,0,0,0,0
1,TL,Light duty vehicles,bn-vmt,TLEPGSL,Pickup,,GSL,Existing,19.63,13.74,8.05,3.14,0,0,0,0,0,0,0
1,TL,Light duty vehicles,bn-vmt,TLESSGSL,Small SUV,,GSL,Existing,9.43,6.6,3.87,1.51,0,0,0,0,0,0,0
1,TL,Light duty vehicles,bn-vmt,TLFCONV10,Full size car,,GSL,2010,0,9.7,21.05,31.69,38.89,41.29,43.07,44.59,45.81,47.18,48.44
1,TL,Light duty vehicles,bn-vmt,TLFDSL10,Full size car,,DSL,2010,0,0.21,0.21,0.21,0.21,0,0,0,0,0,0
1,TL,Light duty vehicles,bn-vmt,TLFHEV10,Full size car,Hybrid,Hybrid GSL,2010,0,0.84,0.84,0.84,0.84,0,0,0,0,0,0
1,TL,Light duty vehicles,bn-vmt,TLLSCONV10,Large SUV,,GSL,2010,0,5.41,10.49,14.64,17.31,16.17,15.57,15.45,15.48,15.41,15.41
1,TL,Light duty vehicles,bn-vmt,TLMCCONV10,Mini car,,GSL,2010,0,0.64,1.15,1.47,1.68,1.39,1.27,1.32,1.36,1.4,1.45
1,TL,Light duty vehicles,bn-vmt,TLMCONV10,Minivan,,GSL,2010,0,2.15,2.15,3.87,4.97,4.59,6.46,6.43,6.45,6.43,6.43
1,TL,Light duty vehicles,bn-vmt,TLMDHEV15,Minivan,Hybrid,Hybrid DSL,2015,0,0,1.65,1.65,1.65,1.65,0,0,0,0,0
1,TL,Light duty vehicles,bn-vmt,TLMP20G10,Minivan,Plugin-20mi,PH20G,2010,0,0,0.41,0.41,0.41,0.41,0,0,0,0,0
1,TL,Light duty vehicles,bn-vmt,TLPCNG10,Pickup,,CNG,2010,0,0.01,0.01,0.01,0.01,0,0,0,0,0,0
1,TL,Light duty vehicles,bn-vmt,TLPCONV10,Pickup,,GSL,2010,0,4.62,9.84,14.67,17.79,18.17,18.2,18.09,18.14,18.06,18.05
1,TL,Light duty vehicles,bn-vmt,TLPDSL10,Pickup,,DSL,2010,0,0.37,0.37,0.37,0.37,0,0,0,0,0,0
1,TL,Light duty vehicles,bn-vmt,TLSSCONV10,Small SUV,,GSL,2010,0,6.45,13.27,19.94,24.23,24.6,24.95,24.71,24.74,24.58,24.54
1,TL,Light duty vehicles,bn-vmt,TLSSDSL10,Small SUV,,DSL,2010,0,0,0.4,0.79,1.04,1.46,1.51,1.53,1.56,1.59,1.61
1,TL,Light duty vehicles,bn-vmt,TLSSHEV10,Small SUV,Hybrid,Hybrid GSL,2010,0,0.12,0.12,0.12,0.12,0,0,0,0,0,0
2,TL,Light duty vehicles,bn-vmt,TLCCNG10,Compact car,,CNG,2010,0,0.04,0.04,0.04,0.04,0,0,0,0,0,0
2,TL,Light duty vehicles,bn-vmt,TLCCONV10,Compact car,,GSL,2010,0,14.75,33.42,54.33,66.53,74.76,81.29,83.76,87.27,89.61,91.65
2,TL,Light duty vehicles,bn-vmt,TLCDSL10,Compact car,,DSL,2010,0,0,0.53,1.03,1.36,1.9,1.94,1.96,1.98,1.99,2.01
2,TL,Light duty vehicles,bn-vmt,TLCELC,Compact car,Electric,ELC,Future,0,0,0,0,1.69,1.69,1.69,1.69,0,0,0
2,TL,Light duty vehicles,bn-vmt,TLECGSL,Compact car,,GSL,Existing,98.9,69.23,40.55,15.82,0,0,0,0,0,0,0
2,TL,Light duty vehicles,bn-vmt,TLECNGX,Miscl,,CNG,Existing,1.15,0.8,0.47,0.18,0,0,0,0,0,0,0
2,TL,Light duty vehicles,bn-vmt,TLEELC,Miscl,Electric,ELC,Existing,0.03,0.02,0.01,0.01,0,0,0,0,0,0,0
2,TL,Light duty vehicles,bn-vmt,TLEETHX,Miscl,,E85,Existing,0.54,0.38,0.22,0.09,0,0,0,0,0,0,0
2,TL,Light duty vehicles,bn-vmt,TLEFDSL,Full size car,,DSL,Existing,1.32,0.92,0.54,0.21,0,0,0,0,0,0,0
2,TL,Light duty vehicles,bn-vmt,TLEFGSL,Full size car,,GSL,Existing,79.03,55.32,32.4,12.65,0,0,0,0,0,0,0
2,TL,Light duty vehicles,bn-vmt,TLELPGX,Miscl,,LPG,Existing,0.76,0.54,0.31,0.12,0,0,0,0,0,0,0
2,TL,Light duty vehicles,bn-vmt,TLELSGSL,Large SUV,,GSL,Existing,19.77,13.87,8.12,3.17,0,0,0,0,0,0,0
2,TL,Light duty vehicles,bn-vmt,TLEMCGSL,Mini car,,GSL,Existing,5.86,4.1,2.4,0.94,0,0,0,0,0,0,0
2,TL,Light duty vehicles,bn-vmt,TLEMGSL,Minivan,,GSL,Existing,35.38,24.77,14.51,5.66,0,0,0,0,0,0,0
2,TL,Light duty vehicles,bn-vmt,TLEPDSL,Pickup,,DSL,Existing,0.57,0.4,0.23,0.09,0,0,0,0,0,0,0
2,TL,Light duty vehicles,bn-vmt,TLEPGSL,Pickup,,GSL,Existing,34.08,23.86,13.97,5.45,0,0,0,0,0,0,0
2,TL,Light duty vehicles,bn-vmt,TLESSGSL,Small SUV,,GSL,Existing,23.26,16.28,9.54,3.72,0,0,0,0,0,0,0
2,TL,Light duty vehicles,bn-vmt,TLFCONV10,Full size car,,GSL,2010,0,19.72,43.06,64.97,79.53,83.91,86.86,89.2,90.87,92.84,94.59
2,TL,Light duty vehicles,bn-vmt,TLFDSL10,Full size car,,DSL,2010,0,0.49,0.49,0.49,0.49,0,0,0,0,0,0
2,TL,Light duty vehicles,bn-vmt,TLFHEV10,Full size car,Hybrid,GSL,2010,0,1.7,1.7,1.7,1.7,0,0,0,0,0,0
2,TL,Light duty vehicles,bn-vmt,TLLSCONV10,Large SUV,,GSL,2010,0,11.02,21.38,29.76,35.06,32.36,30.81,30.31,30.13,29.76,29.52
2,TL,Light duty vehicles,bn-vmt,TLMCCONV10,Mini car,,GSL,2010,0,1.31,2.35,3,3.43,2.83,2.56,2.63,2.69,2.76,2.83
2,TL,Light duty vehicles,bn-vmt,TLMCONV10,Minivan,,GSL,2010,0,4.39,4.39,7.84,10.04,9.12,12.79,12.61,12.55,12.41,12.31
2,TL,Light duty vehicles,bn-vmt,TLMDHEV15,Minivan,Hybrid,Hybrid DSL,2015,0,0,3.35,3.35,3.35,3.35,0,0,0,0,0
2,TL,Light duty vehicles,bn-vmt,TLMP20G10,Minivan,Plugin-20mi,PH20G,2010,0,0,0.83,0.83,0.83,0.83,0,0,0,0,0
2,TL,Light duty vehicles,bn-vmt,TLPCNG10,Pickup,,CNG,2010,0,0.06,0.06,0.06,0.06,0,0,0,0,0,0
2,TL,Light duty vehicles,bn-vmt,TLPCONV10,Pickup,,GSL,2010,0,7.41,18.04,27.8,33.99,36.34,36.03,35.49,35.3,34.86,34.57
2,TL,Light duty vehicles,bn-vmt,TLPDSL10,Pickup,,DSL,2010,0,2.73,2.73,2.73,2.73,0,0,0,0,0,0
2,TL,Light duty vehicles,bn-vmt,TLSSCONV10,Small SUV,,GSL,2010,0,12.62,24.37,35.79,42.95,41.51,41.51,40.54,40.12,39.38,38.85
2,TL,Light duty vehicles,bn-vmt,TLSSDSL10,Small SUV,,DSL,2010,0,0,2.96,5.78,7.62,10.6,10.85,10.95,11.05,11.15,11.25
2,TL,Light duty vehicles,bn-vmt,TLSSHEV10,Small SUV,Hybrid,Hybrid GSL,2010,0,0.77,0.77,0.77,0.77,0,0,0,0,0,0
3,TL,Light duty vehicles,bn-vmt,TLCCNG10,Compact car,,CNG,2010,0,0.06,0.06,0.06,0.06,0,0,0,0,0,0
3,TL,Light duty vehicles,bn-vmt,TLCCONV10,Compact car,,GSL,2010,0,22.35,49.9,80.22,96.23,107.61,117.01,86.69,94.01,97.88,101.27
3,TL,Light duty vehicles,bn-vmt,TLCDSL10,Compact car,,DSL,2010,0,0,0.83,1.62,2.14,2.98,3.06,3.1,3.13,3.17,3.2
3,TL,Light duty vehicles,bn-vmt,TLCELC,Compact car,Electric,ELC,Future,0,0,0,0,4.26,4.26,4.26,4.26,0,0,0
3,TL,Light duty vehicles,bn-vmt,TLCETHX10,Compact car,,E85,2010,0,0,0,0,0,0,0,34.35,34.35,34.35,34.35
3,TL,Light duty vehicles,bn-vmt,TLECGSL,Compact car,,GSL,Existing,148.35,103.84,60.82,23.74,0,0,0,0,0,0,0
3,TL,Light duty vehicles,bn-vmt,TLECNGX,Miscl,,CNG,Existing,0.3,0.21,0.12,0.05,0,0,0,0,0,0,0
3,TL,Light duty vehicles,bn-vmt,TLEELC,Miscl,Electric,ELC,Existing,0.05,0.04,0.02,0.01,0,0,0,0,0,0,0
3,TL,Light duty vehicles,bn-vmt,TLEETHX,Miscl,,E85,Existing,2.51,1.76,1.03,0.4,0,0,0,0,0,0,0
3,TL,Light duty vehicles,bn-vmt,TLEFDSL,Full size car,,DSL,Existing,1.98,1.39,0.81,0.32,0,0,0,0,0,0,0
3,TL,Light duty vehicles,bn-vmt,TLEFGSL,Full size car,,GSL,Existing,118.55,82.98,48.6,18.97,0,0,0,0,0,0,0
3,TL,Light duty vehicles,bn-vmt,TLELPGX,Miscl,,LPG,Existing,1.25,0.87,0.51,0.2,0,0,0,0,0,0,0
3,TL,Light duty vehicles,bn-vmt,TLELSGSL,Large SUV,,GSL,Existing,21.56,15.11,8.85,3.45,0,0,0,0,0,0,0
3,TL,Light duty vehicles,bn-vmt,TLEMCGSL,Mini car,,GSL,Existing,8.8,6.16,3.61,1.41,0,0,0,0,0,0,0
3,TL,Light duty vehicles,bn-vmt,TLEMGSL,Minivan,,GSL,Existing,49.53,34.67,20.31,7.93,0,0,0,0,0,0,0
3,TL,Light duty vehicles,bn-vmt,TLEPDSL,Pickup,,DSL,Existing,1.2,0.84,0.49,0.19,0,0,0,0,0,0,0
3,TL,Light duty vehicles,bn-vmt,TLEPGSL,Pickup,,GSL,Existing,71.56,50.09,29.34,11.45,0,0,0,0,0,0,0
3,TL,Light duty vehicles,bn-vmt,TLESSGSL,Small SUV,,GSL,Existing,25.34,17.74,10.39,4.05,0,0,0,0,0,0,0
3,TL,Light duty vehicles,bn-vmt,TLFCONV10,Full size car,,GSL,2010,0,29.89,64.5,96.33,117.63,123.19,127.19,127.96,130.82,134.15,137.14
3,TL,Light duty vehicles,bn-vmt,TLFDSL10,Full size car,,DSL,2010,0,0.77,0.77,0.77,0.77,0,0,0,0,0,0
3,TL,Light duty vehicles,bn-vmt,TLFETHX10,Full size car,,E85,2010,0,0,0,0,0,0,0,3.08,3.08,3.08,3.08
3,TL,Light duty vehicles,bn-vmt,TLFHEV10,Full size car,Hybrid,Hybrid GSL,2010,0,2.57,2.57,2.57,2.57,0,0,0,0,0,0
3,TL,Light duty vehicles,bn-vmt,TLLSCONV10,Large SUV,,GSL,2010,0,16.71,29.77,29.77,29.77,26.46,26.5,26.5,26.5,13.09,13.91
3,TL,Light duty vehicles,bn-vmt,TLLSETHX10,Large SUV,,E85,2010,0,0,2.95,16.28,24.76,24.76,22.87,22.23,22.08,35.04,33.98
3,TL,Light duty vehicles,bn-vmt,TLMCCONV10,Mini car,,GSL,2010,0,1.98,3.54,4.49,5.12,4.18,3.75,3.87,3.96,4.08,4.19
3,TL,Light duty vehicles,bn-vmt,TLMCONV10,Minivan,,GSL,2010,0,6.65,6.65,6.65,6.65,5.58,5.58,5.58,5.58,0,5.81
3,TL,Light duty vehicles,bn-vmt,TLMDHEV15,Minivan,Hybrid,Hybrid DSL,2015,0,0,5.21,5.21,5.21,5.21,0,0,0,0,0
3,TL,Light duty vehicles,bn-vmt,TLMETHX10,Minivan,,E85,2010,0,0,0,5.5,9.01,9.01,14.91,14.7,14.66,20.07,14.17
3,TL,Light duty vehicles,bn-vmt,TLMP20G10,Minivan,Plugin-20mi,PH20G,2010,0,0,1.26,1.26,1.26,1.26,0,0,0,0,0
3,TL,Light duty vehicles,bn-vmt,TLPCNG10,Pickup,,CNG,2010,0,0.09,0.09,0.09,0.09,0,0,0,0,0,0
3,TL,Light duty vehicles,bn-vmt,TLPCONV10,Pickup,,GSL,2010,0,11.13,27.6,27.6,27.6,16.47,0,0,0,0,0
3,TL,Light duty vehicles,bn-vmt,TLPDSL10,Pickup,,DSL,2010,0,4.24,4.24,4.24,4.24,0,0,0,0,0,0
3,TL,Light duty vehicles,bn-vmt,TLPETHX10,Pickup,,E85,2010,0,0,0,15.53,25.43,41.14,57.72,57.06,56.92,56.39,56.09
3,TL,Light duty vehicles,bn-vmt,TLSSCONV10,Small SUV,,GSL,2010,0,19.14,37.37,37.49,44.88,43.85,44.65,44.53,48.21,47.22,46.57
3,TL,Light duty vehicles,bn-vmt,TLSSDSL10,Small SUV,,DSL,2010,0,0,4.59,8.98,11.86,16.53,16.96,17.16,17.36,17.55,17.75
3,TL,Light duty vehicles,bn-vmt,TLSSETHX10,Small SUV,,E85,2010,0,0,0,18.15,22.29,22.29,22.29,21.11,16.96,16.96,16.96
3,TL,Light duty vehicles,bn-vmt,TLSSHEV10,Small SUV,Hybrid,Hybrid GSL,2010,0,1.15,1.15,1.15,1.15,0,0,0,0,0,0
4,TL,Light duty vehicles,bn-vmt,TLCCNG10,Compact car,,CNG,2010,0,0.03,0.03,0.03,0.03,0,0,0,0,0,0
4,TL,Light duty vehicles,bn-vmt,TLCCONV10,Compact car,,GSL,2010,0,10.59,23.9,38.83,45.17,51.66,56.96,59.4,64.39,66.81,68.98
4,TL,Light duty vehicles,bn-vmt,TLCDSL10,Compact car,,DSL,2010,0,0,0.4,0.78,1.03,1.45,1.5,1.53,1.56,1.59,1.62
4,TL,Light duty vehicles,bn-vmt,TLCELC,Compact car,Electric,ELC,Future,0,0,0,0,3.81,3.81,3.81,3.81,0,0,0
4,TL,Light duty vehicles,bn-vmt,TLCETHX10,Compact car,,E85,2010,0,0,0,0,0,0,0,0,0.82,0.82,0.82
4,TL,Light duty vehicles,bn-vmt,TLECGSL,Compact car,,GSL,Existing,67.99,47.59,27.88,10.88,0,0,0,0,0,0,0
4,TL,Light duty vehicles,bn-vmt,TLECNGX,Miscl,,CNG,Existing,0.03,0.02,0.01,0.01,0,0,0,0,0,0,0
4,TL,Light duty vehicles,bn-vmt,TLEELC,Miscl,Electric,ELC,Existing,0.01,0.01,0,0,0,0,0,0,0,0,0
4,TL,Light duty vehicles,bn-vmt,TLEETHX,Miscl,,E85,Existing,1.53,1.07,0.63,0.24,0,0,0,0,0,0,0
4,TL,Light duty vehicles,bn-vmt,TLEFDSL,Full size car,,DSL,Existing,0.91,0.64,0.37,0.15,0,0,0,0,0,0,0
4,TL,Light duty vehicles,bn-vmt,TLEFGSL,Full size car,,GSL,Existing,54.33,38.03,22.28,8.69,0,0,0,0,0,0,0
4,TL,Light duty vehicles,bn-vmt,TLELPGX,Miscl,,LPG,Existing,0.45,0.32,0.19,0.07,0,0,0,0,0,0,0
4,TL,Light duty vehicles,bn-vmt,TLELSGSL,Large SUV,,GSL,Existing,8.83,6.2,3.63,1.42,0,0,0,0,0,0,0
4,TL,Light duty vehicles,bn-vmt,TLEMCGSL,Mini car,,GSL,Existing,4.03,2.82,1.65,0.64,0,0,0,0,0,0,0
4,TL,Light duty vehicles,bn-vmt,TLEMGSL,Minivan,,GSL,Existing,19.26,13.49,7.9,3.08,0,0,0,0,0,0,0
4,TL,Light duty vehicles,bn-vmt,TLEPDSL,Pickup,,DSL,Existing,0.64,0.45,0.26,0.1,0,0,0,0,0,0,0
4,TL,Light duty vehicles,bn-vmt,TLEPGSL,Pickup,,GSL,Existing,38.27,26.79,15.69,6.12,0,0,0,0,0,0,0
4,TL,Light duty vehicles,bn-vmt,TLESSGSL,Small SUV,,GSL,Existing,10.4,7.28,4.26,1.66,0,0,0,0,0,0,0
4,TL,Light duty vehicles,bn-vmt,TLFCONV10,Full size car,,GSL,2010,0,14.18,30.84,46.51,57.16,60.92,63.7,66.07,67.99,70.14,72.13
4,TL,Light duty vehicles,bn-vmt,TLFDSL10,Full size car,,DSL,2010,0,0.37,0.37,0.37,0.37,0,0,0,0,0,0
4,TL,Light duty vehicles,bn-vmt,TLFHEV10,Full size car,Hybrid,Hybrid GSL,2010,0,1.21,1.21,1.21,1.21,0,0,0,0,0,0
4,TL,Light duty vehicles,bn-vmt,TLLSCONV10,Large SUV,,GSL,2010,0,7.18,14.6,20.64,24.55,23.62,22.77,22.63,18.73,18.67,18.7
4,TL,Light duty vehicles,bn-vmt,TLLSETHX10,Large SUV,,E85,2010,0,0.75,0.75,0.75,0.75,0,0,0,3.99,3.99,3.99
4,TL,Light duty vehicles,bn-vmt,TLMCCONV10,Mini car,,GSL,2010,0,0.94,1.69,2.15,2.47,2.05,1.88,1.95,2.01,2.09,2.16
4,TL,Light duty vehicles,bn-vmt,TLMCONV10,Minivan,,GSL,2010,0,3.15,3.15,5.65,7.27,6.71,9.45,9.42,7.8,7.78,7.8
4,TL,Light duty vehicles,bn-vmt,TLMDHEV15,Minivan,Hybrid,Hybrid DSL,2015,0,0,2.4,2.4,2.4,2.4,0,0,0,0,0
4,TL,Light duty vehicles,bn-vmt,TLMETHX10,Minivan,,E85,2010,0,0,0,0,0,0,0,0,1.67,1.67,1.67
4,TL,Light duty vehicles,bn-vmt,TLMP20G10,Minivan,Plugin-20mi,PH20G,2010,0,0,0.6,0.6,0.6,0.6,0,0,0,0,0
4,TL,Light duty vehicles,bn-vmt,TLPCNG10,Pickup,,CNG,2010,0,0.04,0.04,0.04,0.04,0,0,0,0,0,0
4,TL,Light duty vehicles,bn-vmt,TLPCONV10,Pickup,,GSL,2010,0,5.26,12.88,19.92,24.48,26.55,26.62,19.58,15.02,14.94,12.74
4,TL,Light duty vehicles,bn-vmt,TLPDSL10,Pickup,,DSL,2010,0,2.02,2.02,2.02,2.02,0,0,0,0,0,0
4,TL,Light duty vehicles,bn-vmt,TLPETHX10,Pickup,,E85,2010,0,0,0,0,0,0,0,6.92,11.6,11.6,13.84
4,TL,Light duty vehicles,bn-vmt,TLSSCONV10,Small SUV,,GSL,2010,0,9.08,17.44,25.61,30.86,30.11,30.45,30.05,30.03,29.75,29.63
4,TL,Light duty vehicles,bn-vmt,TLSSDSL10,Small SUV,,DSL,2010,0,0,2.18,4.28,5.67,7.97,8.24,8.4,8.57,8.73,8.89
4,TL,Light duty vehicles,bn-vmt,TLSSHEV10,Small SUV,Hybrid,Hybrid GSL,2010,0,0.55,0.55,0.55,0.55,0,0,0,0,0,0
5,TL,Light duty vehicles,bn-vmt,TLCCNG10,Compact car,,CNG,2010,0,0.09,0.09,0.09,0.09,0,0,0,0,0,0
5,TL,Light duty vehicles,bn-vmt,TLCCONV10,Compact car,,GSL,2010,0,34.68,77.17,125.18,160.47,188.61,213.22,229.02,243.72,260.2,275.74
5,TL,Light duty vehicles,bn-vmt,TLCDSL10,Compact car,,DSL,2010,0,0,1.15,2.26,3.06,4.46,4.78,5.03,5.29,5.54,5.8
5,TL,Light duty vehicles,bn-vmt,TLECGSL,Compact car,,GSL,Existing,185.43,129.8,76.03,29.67,0,0,0,0,0,0,0
5,TL,Light duty vehicles,bn-vmt,TLECNGX,Miscl,,CNG,Existing,0.7,0.49,0.29,0.11,0,0,0,0,0,0,0
5,TL,Light duty vehicles,bn-vmt,TLEELC,Miscl,Electric,ELC,Existing,0.12,0.08,0.05,0.02,0.01,0,0,0,0,0,0
5,TL,Light duty vehicles,bn-vmt,TLEETHX,Miscl,,E85,Existing,2.02,1.41,0.83,0.32,0,0,0,0,0,0,0
5,TL,Light duty vehicles,bn-vmt,TLEFDSL,Full size car,,DSL,Existing,2.47,1.73,1.01,0.4,0,0,0,0,0,0,0
5,TL,Light duty vehicles,bn-vmt,TLEFGSL,Full size car,,GSL,Existing,148.19,103.73,60.76,23.71,0,0,0,0,0,0,0
5,TL,Light duty vehicles,bn-vmt,TLELPGX,Miscl,,LPG,Existing,2.35,1.65,0.97,0.38,0,0,0,0,0,0,0
5,TL,Light duty vehicles,bn-vmt,TLELSGSL,Large SUV,,GSL,Existing,30.53,21.39,12.53,4.89,0,0,0,0,0,0,0
5,TL,Light duty vehicles,bn-vmt,TLEMCGSL,Mini car,,GSL,Existing,10.99,7.7,4.51,1.76,0,0,0,0,0,0,0
5,TL,Light duty vehicles,bn-vmt,TLEMGSL,Minivan,,GSL,Existing,52.3,36.61,21.44,8.37,0,0,0,0,0,0,0
5,TL,Light duty vehicles,bn-vmt,TLEPDSL,Pickup,,DSL,Existing,1.52,1.07,0.62,0.24,0,0,0,0,0,0,0
5,TL,Light duty vehicles,bn-vmt,TLEPGSL,Pickup,,GSL,Existing,91.22,63.85,37.4,14.6,0,0,0,0,0,0,0
5,TL,Light duty vehicles,bn-vmt,TLESSGSL,Small SUV,,GSL,Existing,35.87,25.11,14.71,5.74,0,0,0,0,0,0,0
5,TL,Light duty vehicles,bn-vmt,TLFCONV10,Full size car,,GSL,2010,0,46.55,99.66,149.92,186.89,206.17,223,238.86,253.49,269.23,284.32
5,TL,Light duty vehicles,bn-vmt,TLFDSL10,Full size car,,DSL,2010,0,1.08,1.08,1.08,1.08,0,0,0,0,0,0
5,TL,Light duty vehicles,bn-vmt,TLFHEV10,Full size car,Hybrid,Hybrid GSL,2010,0,3.92,3.92,3.92,3.92,0,0,0,0,0,0
5,TL,Light duty vehicles,bn-vmt,TLLSCONV10,Large SUV,,GSL,2010,0,25.93,49.91,69.88,83.84,81.52,81.88,84.22,87.14,89.4,92.03
5,TL,Light duty vehicles,bn-vmt,TLMCCONV10,Mini car,,GSL,2010,0,3.07,5.46,6.95,8.04,6.91,6.58,7.05,7.5,8.02,8.5
5,TL,Light duty vehicles,bn-vmt,TLMCONV10,Minivan,,GSL,2010,0,10.32,10.32,18.56,24.34,23.86,33.99,35.04,36.3,37.27,38.4
5,TL,Light duty vehicles,bn-vmt,TLMDHEV15,Minivan,Hybrid,Hybrid DSL,2015,0,0,7.78,7.78,7.78,7.78,0,0,0,0,0
5,TL,Light duty vehicles,bn-vmt,TLMP20G10,Minivan,Plugin-20mi,PH20G,2010,0,0,1.92,1.92,1.92,1.92,0,0,0,0,0
5,TL,Light duty vehicles,bn-vmt,TLPCNG10,Pickup,,CNG,2010,0,0.14,0.14,0.14,0.14,0,0,0,0,0,0
5,TL,Light duty vehicles,bn-vmt,TLPCONV10,Pickup,,GSL,2010,0,17.96,42.6,65.86,82.17,91.88,95.75,98.63,102.1,104.72,107.79
5,TL,Light duty vehicles,bn-vmt,TLPDSL10,Pickup,,DSL,2010,0,5.88,5.88,5.88,5.88,0,0,0,0,0,0
5,TL,Light duty vehicles,bn-vmt,TLSSCONV10,Small SUV,,GSL,2010,0,29.74,57.62,85.51,104.89,107.73,113.23,115.78,119.33,121.71,124.74
5,TL,Light duty vehicles,bn-vmt,TLSSDSL10,Small SUV,,DSL,2010,0,0,6.22,12.27,16.62,24.2,25.93,27.31,28.69,30.08,31.46
5,TL,Light duty vehicles,bn-vmt,TLSSHEV10,Small SUV,Hybrid,Hybrid GSL,2010,0,1.76,1.76,1.76,1.76,0,0,0,0,0,0
6,TL,Light duty vehicles,bn-vmt,TLCCNG10,Compact car,,CNG,2010,0,0.02,0.02,0.02,0.02,0,0,0,0,0,0
6,TL,Light duty vehicles,bn-vmt,TLCCONV10,Compact car,,GSL,2010,0,8.82,19.82,32.13,40.57,46.03,50.57,52.8,54.67,56.9,58.93
6,TL,Light duty vehicles,bn-vmt,TLCDSL10,Compact car,,DSL,2010,0,0,0.32,0.63,0.84,1.18,1.22,1.25,1.28,1.31,1.34
6,TL,Light duty vehicles,bn-vmt,TLECGSL,Compact car,,GSL,Existing,55.63,38.94,22.81,8.9,0,0,0,0,0,0,0
6,TL,Light duty vehicles,bn-vmt,TLECNGX,Miscl,,CNG,Existing,0.06,0.04,0.02,0.01,0,0,0,0,0,0,0
6,TL,Light duty vehicles,bn-vmt,TLEELC,Miscl,Electric,ELC,Existing,0.01,0.01,0,0,0,0,0,0,0,0,0
6,TL,Light duty vehicles,bn-vmt,TLEETHX,Miscl,,E85,Existing,0.34,0.24,0.14,0.05,0,0,0,0,0,0,0
6,TL,Light duty vehicles,bn-vmt,TLEFDSL,Full size car,,DSL,Existing,0.74,0.52,0.3,0.12,0,0,0,0,0,0,0
6,TL,Light duty vehicles,bn-vmt,TLEFGSL,Full size car,,GSL,Existing,44.46,31.12,18.23,7.11,0,0,0,0,0,0,0
6,TL,Light duty vehicles,bn-vmt,TLELPGX,Miscl,,LPG,Existing,1.38,0.96,0.57,0.22,0,0,0,0,0,0,0
6,TL,Light duty vehicles,bn-vmt,TLELSGSL,Large SUV,,GSL,Existing,6.91,4.87,2.85,1.11,0,0,0,0,0,0,0
6,TL,Light duty vehicles,bn-vmt,TLEMCGSL,Mini car,,GSL,Existing,3.3,2.31,1.35,0.53,0,0,0,0,0,0,0
6,TL,Light duty vehicles,bn-vmt,TLEMGSL,Minivan,,GSL,Existing,11.64,8.15,4.77,1.86,0,0,0,0,0,0,0
6,TL,Light duty vehicles,bn-vmt,TLEPDSL,Pickup,,DSL,Existing,0.6,0.42,0.25,0.1,0,0,0,0,0,0,0
6,TL,Light duty vehicles,bn-vmt,TLEPGSL,Pickup,,GSL,Existing,35.88,25.12,14.71,5.74,0,0,0,0,0,0,0
6,TL,Light duty vehicles,bn-vmt,TLESSGSL,Small SUV,,GSL,Existing,8.17,5.72,3.35,1.31,0,0,0,0,0,0,0
6,TL,Light duty vehicles,bn-vmt,TLFCONV10,Full size car,,GSL,2010,0,11.82,25.59,38.5,47.35,50.53,52.98,55.16,56.97,58.99,60.86
6,TL,Light duty vehicles,bn-vmt,TLFDSL10,Full size car,,DSL,2010,0,0.3,0.3,0.3,0.3,0,0,0,0,0,0
6,TL,Light duty vehicles,bn-vmt,TLFHEV10,Full size car,Hybrid,Hybrid GSL,2010,0,1,1,1,1,0,0,0,0,0,0
6,TL,Light duty vehicles,bn-vmt,TLLSCONV10,Large SUV,,GSL,2010,0,6.59,12.79,17.88,21.2,19.94,19.34,19.31,19.45,19.47,19.56
6,TL,Light duty vehicles,bn-vmt,TLMCCONV10,Mini car,,GSL,2010,0,0.78,1.4,1.78,2.04,1.7,1.56,1.63,1.69,1.76,1.82
6,TL,Light duty vehicles,bn-vmt,TLMCNG10,Minivan,,CNG,2010,0,0.03,0.03,0.03,0.03,0,0,0,0,0,0
6,TL,Light duty vehicles,bn-vmt,TLMCONV10,Minivan,,GSL,2010,0,2.59,2.59,4.69,6.07,5.7,8.03,8.03,8.1,8.12,8.16
6,TL,Light duty vehicles,bn-vmt,TLMDHEV15,Minivan,Hybrid,Hybrid DSL,2015,0,0,2.01,2.01,2.01,2.01,0,0,0,0,0
6,TL,Light duty vehicles,bn-vmt,TLMP20G10,Minivan,Plugin-20mi,PH20G,2010,0,0,0.5,0.5,0.5,0.5,0,0,0,0,0
6,TL,Light duty vehicles,bn-vmt,TLPCONV10,Pickup,,GSL,2010,0,4.49,10.86,16.79,19.61,18.15,17.79,17.51,18.6,20.28,20.93
6,TL,Light duty vehicles,bn-vmt,TLPDSL10,Pickup,,DSL,2010,0,1.6,1.6,1.6,1.6,0,0,0,0,0,0
6,TL,Light duty vehicles,bn-vmt,TLPETHX10,Pickup,,E85,2010,0,0,0,0,1.05,4.28,4.82,5.1,4.19,2.53,1.98
6,TL,Light duty vehicles,bn-vmt,TLSSCONV10,Small SUV,,GSL,2010,0,7.56,14.64,21.63,26.15,25.82,26.28,26.06,26.14,26,26
6,TL,Light duty vehicles,bn-vmt,TLSSDSL10,Small SUV,,DSL,2010,0,0,1.73,3.39,4.5,6.35,6.59,6.75,6.9,7.05,7.21
6,TL,Light duty vehicles,bn-vmt,TLSSHEV10,Small SUV,Hybrid,Hybrid GSL,2010,0,0.45,0.45,0.45,0.45,0,0,0,0,0,0
7,TL,Light duty vehicles,bn-vmt,TLCCNG10,Compact car,,CNG,2010,0,0.04,0.04,0.04,0.04,0,0,0,0,0,0
7,TL,Light duty vehicles,bn-vmt,TLCCONV10,Compact car,,GSL,2010,0,17.28,37.78,60.28,76.66,88.31,98.87,105.84,112.23,119.48,126.27
7,TL,Light duty vehicles,bn-vmt,TLCDSL10,Compact car,,DSL,2010,0,0,0.58,1.15,1.55,2.24,2.39,2.51,2.62,2.74,2.85
7,TL,Light duty vehicles,bn-vmt,TLECGSL,Compact car,,GSL,Existing,95.36,66.76,39.1,15.26,0,0,0,0,0,0,0
7,TL,Light duty vehicles,bn-vmt,TLECNGX,Miscl,,CNG,Existing,0.31,0.22,0.13,0.05,0,0,0,0,0,0,0
7,TL,Light duty vehicles,bn-vmt,TLEELC,Miscl,Electric,ELC,Existing,0.02,0.02,0.01,0,0,0,0,0,0,0,0
7,TL,Light duty vehicles,bn-vmt,TLEETHX,Miscl,,E85,Existing,0.25,0.18,0.1,0.04,0,0,0,0,0,0,0
7,TL,Light duty vehicles,bn-vmt,TLEFDSL,Full size car,,DSL,Existing,1.27,0.89,0.52,0.2,0,0,0,0,0,0,0
7,TL,Light duty vehicles,bn-vmt,TLEFGSL,Full size car,,GSL,Existing,76.21,53.35,31.25,12.19,0,0,0,0,0,0,0
7,TL,Light duty vehicles,bn-vmt,TLELPGX,Miscl,,LPG,Existing,2.4,1.68,0.98,0.38,0,0,0,0,0,0,0
7,TL,Light duty vehicles,bn-vmt,TLELSGSL,Large SUV,,GSL,Existing,14.19,9.99,5.85,2.28,0,0,0,0,0,0,0
7,TL,Light duty vehicles,bn-vmt,TLEMCGSL,Mini car,,GSL,Existing,5.65,3.96,2.32,0.9,0,0,0,0,0,0,0
7,TL,Light duty vehicles,bn-vmt,TLEMGSL,Minivan,,GSL,Existing,17.9,12.53,7.34,2.86,0,0,0,0,0,0,0
7,TL,Light duty vehicles,bn-vmt,TLEPDSL,Pickup,,DSL,Existing,0.98,0.69,0.4,0.16,0,0,0,0,0,0,0
7,TL,Light duty vehicles,bn-vmt,TLEPGSL,Pickup,,GSL,Existing,58.61,41.03,24.03,9.38,0,0,0,0,0,0,0
7,TL,Light duty vehicles,bn-vmt,TLESSGSL,Small SUV,,GSL,Existing,16.75,11.73,6.87,2.68,0,0,0,0,0,0,0
7,TL,Light duty vehicles,bn-vmt,TLFCONV10,Full size car,,GSL,2010,0,23.19,48.98,72.59,89.78,96.97,103.58,110.57,116.93,123.84,130.42
7,TL,Light duty vehicles,bn-vmt,TLFDSL10,Full size car,,DSL,2010,0,0.55,0.55,0.55,0.55,0,0,0,0,0,0
7,TL,Light duty vehicles,bn-vmt,TLFHEV10,Full size car,Hybrid,Hybrid GSL,2010,0,1.95,1.95,1.95,1.95,0,0,0,0,0,0
7,TL,Light duty vehicles,bn-vmt,TLLSCONV10,Large SUV,,GSL,2010,0,12.92,25.27,35.92,43.29,42.75,43.22,44.29,45.67,46.73,47.97
7,TL,Light duty vehicles,bn-vmt,TLMCCONV10,Mini car,,GSL,2010,0,1.53,2.7,3.4,3.91,3.27,3.06,3.27,3.46,3.69,3.9
7,TL,Light duty vehicles,bn-vmt,TLMCONV10,Minivan,,GSL,2010,0,5.14,5.14,9.54,12.59,12.6,17.94,18.43,19.03,19.48,20.01
7,TL,Light duty vehicles,bn-vmt,TLMDHEV15,Minivan,Hybrid,Hybrid DSL,2015,0,0,4.04,4.04,4.04,4.04,0,0,0,0,0
7,TL,Light duty vehicles,bn-vmt,TLMP20G10,Minivan,Plugin-20mi,PH20G,2010,0,0,0.96,0.96,0.96,0.96,0,0,0,0,0
7,TL,Light duty vehicles,bn-vmt,TLPCNG10,Pickup,,CNG,2010,0,0.07,0.07,0.07,0.07,0,0,0,0,0,0
7,TL,Light duty vehicles,bn-vmt,TLPCONV10,Pickup,,GSL,2010,0,8.9,21.63,34.04,42.65,48.26,50.54,51.87,53.51,54.74,56.18
7,TL,Light duty vehicles,bn-vmt,TLPDSL10,Pickup,,DSL,2010,0,2.98,2.98,2.98,2.98,0,0,0,0,0,0
7,TL,Light duty vehicles,bn-vmt,TLSSCONV10,Small SUV,,GSL,2010,0,14.82,29.32,44.36,54.71,57.17,60.47,61.66,63.35,64.48,65.93
7,TL,Light duty vehicles,bn-vmt,TLSSDSL10,Small SUV,,DSL,2010,0,0,3.16,6.23,8.41,12.17,12.97,13.6,14.23,14.85,15.48
7,TL,Light duty vehicles,bn-vmt,TLSSHEV10,Small SUV,Hybrid,Hybrid GSL,2010,0,0.87,0.87,0.87,0.87,0,0,0,0,0,0
8,TL,Light duty vehicles,bn-vmt,TLCCNG10,Compact car,,CNG,2010,0,0.02,0.02,0.02,0.02,0,0,0,0,0,0
8,TL,Light duty vehicles,bn-vmt,TLCCONV10,Compact car,,GSL,2010,0,10.64,22.98,36.5,42.48,50.2,57.41,62.59,71.63,77.08,82.23
8,TL,Light duty vehicles,bn-vmt,TLCDSL10,Compact car,,DSL,2010,0,0,0.39,0.77,1.04,1.53,1.65,1.76,1.86,1.96,2.06
8,TL,Light duty vehicles,bn-vmt,TLCELC,Compact car,Electric,ELC,Future,0,0,0,0,4.18,4.18,4.18,4.18,0,0,0
8,TL,Light duty vehicles,bn-vmt,TLECGSL,Compact car,,GSL,Existing,53.86,37.7,22.08,8.62,0,0,0,0,0,0,0
8,TL,Light duty vehicles,bn-vmt,TLECNGX,Miscl,,CNG,Existing,0.41,0.29,0.17,0.07,0,0,0,0,0,0,0
8,TL,Light duty vehicles,bn-vmt,TLEELC,Miscl,Electric,ELC,Existing,0.03,0.02,0.01,0,0,0,0,0,0,0,0
8,TL,Light duty vehicles,bn-vmt,TLEETHX,Miscl,,E85,Existing,0.38,0.27,0.16,0.06,0,0,0,0,0,0,0
8,TL,Light duty vehicles,bn-vmt,TLEFDSL,Full size car,,DSL,Existing,0.72,0.5,0.29,0.12,0,0,0,0,0,0,0
8,TL,Light duty vehicles,bn-vmt,TLEFGSL,Full size car,,GSL,Existing,43.04,30.13,17.65,6.89,0,0,0,0,0,0,0
8,TL,Light duty vehicles,bn-vmt,TLELPGX,Miscl,,LPG,Existing,0.76,0.54,0.31,0.12,0,0,0,0,0,0,0
8,TL,Light duty vehicles,bn-vmt,TLELSGSL,Large SUV,,GSL,Existing,9.16,6.43,3.77,1.47,0,0,0,0,0,0,0
8,TL,Light duty vehicles,bn-vmt,TLEMCGSL,Mini car,,GSL,Existing,3.19,2.24,1.31,0.51,0,0,0,0,0,0,0
8,TL,Light duty vehicles,bn-vmt,TLEMGSL,Minivan,,GSL,Existing,11.56,8.09,4.74,1.85,0,0,0,0,0,0,0
8,TL,Light duty vehicles,bn-vmt,TLEPDSL,Pickup,,DSL,Existing,0.49,0.34,0.2,0.08,0,0,0,0,0,0,0
8,TL,Light duty vehicles,bn-vmt,TLEPGSL,Pickup,,GSL,Existing,29.35,20.55,12.03,4.7,0,0,0,0,0,0,0
8,TL,Light duty vehicles,bn-vmt,TLESSGSL,Small SUV,,GSL,Existing,10.78,7.55,4.42,1.72,0,0,0,0,0,0,0
8,TL,Light duty vehicles,bn-vmt,TLFCONV10,Full size car,,GSL,2010,0,14.2,29.81,44.03,54.72,59.84,64.7,69.93,74.82,80.09,85.14
8,TL,Light duty vehicles,bn-vmt,TLFDSL10,Full size car,,DSL,2010,0,0.37,0.37,0.37,0.37,0,0,0,0,0,0
8,TL,Light duty vehicles,bn-vmt,TLFHEV10,Full size car,Hybrid,Hybrid GSL,2010,0,1.24,1.24,1.24,1.24,0,0,0,0,0,0
8,TL,Light duty vehicles,bn-vmt,TLLSCONV10,Large SUV,,GSL,2010,0,7.95,15.55,22.21,26.97,27.2,28,29.08,30.33,31.35,32.5
8,TL,Light duty vehicles,bn-vmt,TLMCCONV10,Mini car,,GSL,2010,0,0.94,1.65,2.07,2.39,2.02,1.91,2.07,2.21,2.38,2.55
8,TL,Light duty vehicles,bn-vmt,TLMCONV10,Minivan,,GSL,2010,0,3.16,3.16,5.91,7.89,8.13,11.62,12.1,12.63,13.07,13.56
8,TL,Light duty vehicles,bn-vmt,TLMDHEV15,Minivan,Hybrid,Hybrid DSL,2015,0,0,2.49,2.49,2.49,2.49,0,0,0,0,0
8,TL,Light duty vehicles,bn-vmt,TLMP20G10,Minivan,Plugin-20mi,PH20G,2010,0,0,0.58,0.58,0.58,0.58,0,0,0,0,0
8,TL,Light duty vehicles,bn-vmt,TLPCNG10,Pickup,,CNG,2010,0,0.04,0.04,0.04,0.04,0,0,0,0,0,0
8,TL,Light duty vehicles,bn-vmt,TLPCONV10,Pickup,,GSL,2010,0,5.27,13.12,20.88,26.44,30.75,32.74,34.05,35.53,36.72,38.06
8,TL,Light duty vehicles,bn-vmt,TLPDSL10,Pickup,,DSL,2010,0,2.03,2.03,2.03,2.03,0,0,0,0,0,0
8,TL,Light duty vehicles,bn-vmt,TLSSCONV10,Small SUV,,GSL,2010,0,9.1,17.84,27.08,33.64,35.74,38.44,39.7,41.24,42.39,43.76
8,TL,Light duty vehicles,bn-vmt,TLSSDSL10,Small SUV,,DSL,2010,0,0,2.14,4.23,5.76,8.46,9.15,9.71,10.27,10.83,11.4
8,TL,Light duty vehicles,bn-vmt,TLSSHEV10,Small SUV,Hybrid,Hybrid GSL,2010,0,0.56,0.56,0.56,0.56,0,0,0,0,0,0
9,TL,Light duty vehicles,bn-vmt,TLCCNG10,Compact car,,CNG,2010,0,0.06,0.06,0.06,0.06,0,0,0,0,0,0
9,TL,Light duty vehicles,bn-vmt,TLCCONV10,Compact car,,GSL,2010,0,23.26,51.73,83.74,106.74,123.88,138.77,147.79,156,165.33,174.05
9,TL,Light duty vehicles,bn-vmt,TLCDSL10,Compact car,,DSL,2010,0,0,0.89,1.76,2.36,3.41,3.61,3.77,3.93,4.09,4.25
9,TL,Light duty vehicles,bn-vmt,TLECGSL,Compact car,,GSL,Existing,131.57,92.1,53.94,21.05,0,0,0,0,0,0,0
9,TL,Light duty vehicles,bn-vmt,TLECNGX,Miscl,,CNG,Existing,0.81,0.57,0.33,0.13,0,0,0,0,0,0,0
9,TL,Light duty vehicles,bn-vmt,TLEELC,Miscl,Electric,ELC,Existing,1.58,1.1,0.65,0.25,0.13,0,0,0,0,0,0
9,TL,Light duty vehicles,bn-vmt,TLEETHX,Miscl,,E85,Existing,0.24,0.17,0.1,0.04,0,0,0,0,0,0,0
9,TL,Light duty vehicles,bn-vmt,TLEFDSL,Full size car,,DSL,Existing,1.76,1.23,0.72,0.28,0,0,0,0,0,0,0
9,TL,Light duty vehicles,bn-vmt,TLEFGSL,Full size car,,GSL,Existing,105.14,73.6,43.11,16.82,0,0,0,0,0,0,0
9,TL,Light duty vehicles,bn-vmt,TLELPGX,Miscl,,LPG,Existing,1.04,0.73,0.43,0.17,0,0,0,0,0,0,0
9,TL,Light duty vehicles,bn-vmt,TLELSGSL,Large SUV,,GSL,Existing,22.04,15.44,9.05,3.53,0,0,0,0,0,0,0
9,TL,Light duty vehicles,bn-vmt,TLEMCGSL,Mini car,,GSL,Existing,7.8,5.46,3.2,1.25,0,0,0,0,0,0,0
9,TL,Light duty vehicles,bn-vmt,TLEMGSL,Minivan,,GSL,Existing,36.6,25.62,15.01,5.86,0,0,0,0,0,0,0
9,TL,Light duty vehicles,bn-vmt,TLEPDSL,Pickup,,DSL,Existing,1.08,0.75,0.44,0.17,0,0,0,0,0,0,0
9,TL,Light duty vehicles,bn-vmt,TLEPGSL,Pickup,,GSL,Existing,64.43,45.1,26.41,10.31,0,0,0,0,0,0,0
9,TL,Light duty vehicles,bn-vmt,TLESSGSL,Small SUV,,GSL,Existing,25.9,18.13,10.62,4.14,0,0,0,0,0,0,0
9,TL,Light duty vehicles,bn-vmt,TLFCONV10,Full size car,,GSL,2010,0,30.95,66.7,100.34,124.52,136.05,145.65,154.68,162.82,171.66,180.07
9,TL,Light duty vehicles,bn-vmt,TLFDSL10,Full size car,,DSL,2010,0,0.84,0.84,0.84,0.84,0,0,0,0,0,0
9,TL,Light duty vehicles,bn-vmt,TLFHEV10,Full size car,Hybrid,Hybrid GSL,2010,0,2.77,2.77,2.77,2.77,0,0,0,0,0,0
9,TL,Light duty vehicles,bn-vmt,TLLSCONV10,Large SUV,,GSL,2010,0,17.39,33.58,47.05,56.24,54.22,53.92,54.96,56.41,57.45,58.74
9,TL,Light duty vehicles,bn-vmt,TLMCCONV10,Mini car,,GSL,2010,0,2.06,3.67,4.67,5.38,4.57,4.3,4.57,4.82,5.11,5.38
9,TL,Light duty vehicles,bn-vmt,TLMCONV10,Minivan,,GSL,2010,0,6.92,6.92,12.48,16.29,15.76,22.38,22.87,23.5,23.96,24.51
9,TL,Light duty vehicles,bn-vmt,TLMDHEV15,Minivan,Hybrid,Hybrid DSL,2015,0,0,5.26,5.26,5.26,5.26,0,0,0,0,0
9,TL,Light duty vehicles,bn-vmt,TLMP20G10,Minivan,Plugin-20mi,PH20G,2010,0,0,1.29,1.29,1.29,1.29,0,0,0,0,0
9,TL,Light duty vehicles,bn-vmt,TLPCNG10,Pickup,,CNG,2010,0,0.09,0.09,0.09,0.09,0,0,0,0,0,0
9,TL,Light duty vehicles,bn-vmt,TLPCONV10,Pickup,,GSL,2010,0,11.21,27.85,43.54,54.28,61.07,63.05,64.36,66.09,67.3,68.8
9,TL,Light duty vehicles,bn-vmt,TLPDSL10,Pickup,,DSL,2010,0,4.78,4.78,4.78,4.78,0,0,0,0,0,0
9,TL,Light duty vehicles,bn-vmt,TLSSCONV10,Small SUV,,GSL,2010,0,19.87,37.83,55.79,67.96,68.24,71.02,71.85,73.39,74.21,75.45
9,TL,Light duty vehicles,bn-vmt,TLSSDSL10,Small SUV,,DSL,2010,0,0,5.09,10.02,13.48,19.43,20.62,21.53,22.43,23.34,24.25
9,TL,Light duty vehicles,bn-vmt,TLSSHEV10,Small SUV,Hybrid,Hybrid GSL,2010,0,1.25,1.25,1.25,1.25,0,0,0,0,0,0
