Region,Demand,Class,Units,MARKAL Tech,Fuel,Vintage,2005,2010,2015,2020,2025,2030,2035,2040,2045,2050,2055
1,TA,Passenger air,bn-pass-miles,TAJ10,Jet fuel,2010,0,7.51,16.7,26.65,36.36,37.49,38.49,39.62,40.62,41.65,42.7
1,TA,Passenger air,bn-pass-miles,TAJE,Jet fuel,Existing,33.91,25.44,16.96,8.48,0,0,0,0,0,0,0
1,TA,Passenger air,bn-pass-miles,TAP10,Gasoline,2010,0,0.15,0.15,0.24,0.33,0.42,0.42,0.42,0.41,0.41,0.41
1,TA,Passenger air,bn-pass-miles,TAPE,Gasoline,Existing,0.44,0.27,0.27,0.18,0.09,0,0,0,0,0,0
2,TA,Passenger air,bn-pass-miles,TAJ10,Jet fuel,2010,0,25.08,55.75,88.97,121.38,125.14,128.48,132.27,135.61,139.03,142.54
2,TA,Passenger air,bn-pass-miles,TAJE,Jet fuel,Existing,113.22,84.91,56.61,28.3,0,0,0,0,0,0,0
2,TA,Passenger air,bn-pass-miles,TAP10,Gasoline,2010,0,0.49,0.49,0.8,1.1,1.4,1.39,1.39,1.38,1.37,1.37
2,TA,Passenger air,bn-pass-miles,TAPE,Gasoline,Existing,1.48,0.9,0.89,0.59,0.3,0,0,0,0,0,0
3,TA,Passenger air,bn-pass-miles,TAJ10,Jet fuel,2010,0,27.33,60.75,96.95,132.27,136.37,140,144.13,147.77,151.5,155.33
3,TA,Passenger air,bn-pass-miles,TAJE,Jet fuel,Existing,123.37,92.53,61.69,30.84,0,0,0,0,0,0,0
3,TA,Passenger air,bn-pass-miles,TAP10,Gasoline,2010,0,0.54,0.54,0.88,1.2,1.52,1.52,1.51,1.51,1.5,1.49
3,TA,Passenger air,bn-pass-miles,TAPE,Gasoline,Existing,1.61,0.98,0.97,0.64,0.32,0,0,0,0,0,0
4,TA,Passenger air,bn-pass-miles,TAJ10,Jet fuel,2010,0,11.34,25.2,40.22,54.87,56.57,58.08,59.79,61.3,62.85,64.43
4,TA,Passenger air,bn-pass-miles,TAJE,Jet fuel,Existing,51.18,38.38,25.59,12.79,0,0,0,0,0,0,0
4,TA,Passenger air,bn-pass-miles,TAP10,Gasoline,2010,0,0.22,0.22,0.36,0.5,0.63,0.63,0.63,0.62,0.62,0.62
4,TA,Passenger air,bn-pass-miles,TAPE,Gasoline,Existing,0.67,0.41,0.4,0.27,0.13,0,0,0,0,0,0
5,TA,Passenger air,bn-pass-miles,TAJ10,Jet fuel,2010,0,53.05,117.9,188.16,256.69,264.65,271.71,279.72,286.79,294.03,301.45
5,TA,Passenger air,bn-pass-miles,TAJE,Jet fuel,Existing,239.43,179.57,119.72,59.86,0,0,0,0,0,0,0
5,TA,Passenger air,bn-pass-miles,TAP10,Gasoline,2010,0,1.04,1.04,1.7,2.33,2.96,2.94,2.94,2.92,2.91,2.89
5,TA,Passenger air,bn-pass-miles,TAPE,Gasoline,Existing,3.12,1.9,1.87,1.25,0.62,0,0,0,0,0,0
6,TA,Passenger air,bn-pass-miles,TAJ10,Jet fuel,2010,0,9.07,20.15,32.16,43.87,45.23,46.44,47.81,49.01,50.25,51.52
6,TA,Passenger air,bn-pass-miles,TAJE,Jet fuel,Existing,40.92,30.69,20.46,10.23,0,0,0,0,0,0,0
6,TA,Passenger air,bn-pass-miles,TAP10,Gasoline,2010,0,0.18,0.18,0.29,0.4,0.51,0.5,0.5,0.5,0.5,0.49
6,TA,Passenger air,bn-pass-miles,TAPE,Gasoline,Existing,0.53,0.32,0.32,0.21,0.11,0,0,0,0,0,0
7,TA,Passenger air,bn-pass-miles,TAJ10,Jet fuel,2010,0,23.8,52.9,84.43,115.17,118.75,121.91,125.51,128.68,131.93,135.26
7,TA,Passenger air,bn-pass-miles,TAJE,Jet fuel,Existing,107.43,80.57,53.71,26.86,0,0,0,0,0,0,0
7,TA,Passenger air,bn-pass-miles,TAP10,Gasoline,2010,0,0.47,0.47,0.76,1.05,1.33,1.32,1.32,1.31,1.3,1.3
7,TA,Passenger air,bn-pass-miles,TAPE,Gasoline,Existing,1.4,0.85,0.84,0.56,0.28,0,0,0,0,0,0
8,TA,Passenger air,bn-pass-miles,TAJ10,Jet fuel,2010,0,27.18,60.4,96.39,131.5,135.58,139.2,143.3,146.92,150.63,154.43
8,TA,Passenger air,bn-pass-miles,TAJE,Jet fuel,Existing,122.66,92,61.33,30.67,0,0,0,0,0,0,0
8,TA,Passenger air,bn-pass-miles,TAP10,Gasoline,2010,0,0.53,0.53,0.87,1.2,1.52,1.51,1.51,1.5,1.49,1.48
8,TA,Passenger air,bn-pass-miles,TAPE,Gasoline,Existing,1.6,0.97,0.96,0.64,0.32,0,0,0,0,0,0
9,TA,Passenger air,bn-pass-miles,TAJ10,Jet fuel,2010,0,40.61,90.25,144.03,196.49,202.59,207.99,214.12,219.53,225.07,230.75
9,TA,Passenger air,bn-pass-miles,TAJE,Jet fuel,Existing,183.28,137.46,91.64,45.82,0,0,0,0,0,0,0
9,TA,Passenger air,bn-pass-miles,TAP10,Gasoline,2010,0,0.8,0.8,1.3,1.79,2.26,2.25,2.25,2.24,2.22,2.21
9,TA,Passenger air,bn-pass-miles,TAPE,Gasoline,Existing,2.39,1.46,1.43,0.96,0.48,0,0,0,0,0,0
1,TB,Bus,bn-vmt,TBCNGC,CNG,Future,0,0,0.02,0.05,0.08,0.11,0.13,0.15,0.17,0.19,0.22
1,TB,Bus,bn-vmt,TBCNGC10,CNG,2010,0,0.01,0.01,0.01,0,0,0,0,0,0,0
1,TB,Bus,bn-vmt,TBCNGE,CNG,Existing,0.04,0.03,0.02,0.01,0,0,0,0,0,0,0
1,TB,Bus,bn-vmt,TBDSLC,Diesel,Future,0,0,0.06,0.16,0.31,0.34,0.33,0.33,0.33,0.34,0.35
1,TB,Bus,bn-vmt,TBDSLC10,Diesel,2010,0,0.1,0.1,0.1,0.04,0,0,0,0,0,0
1,TB,Bus,bn-vmt,TBDSLE,Diesel,Existing,0.41,0.3,0.2,0.1,0,0,0,0,0,0,0
1,TB,Bus,bn-vmt,TBGSLE,Gasoline,Existing,0.02,0.02,0.02,0.03,0.04,0.05,0.06,0.06,0.06,0.06,0.06
2,TB,Bus,bn-vmt,TBCNGC,CNG,Future,0,0,0.1,0.22,0.38,0.49,0.58,0.67,0.76,0.87,0.98
2,TB,Bus,bn-vmt,TBCNGC10,CNG,2010,0,0.05,0.05,0.05,0.02,0,0,0,0,0,0
2,TB,Bus,bn-vmt,TBCNGE,CNG,Existing,0.17,0.13,0.08,0.04,0,0,0,0,0,0,0
2,TB,Bus,bn-vmt,TBDSLC,Diesel,Future,0,0,0.29,0.7,1.39,1.53,1.47,1.47,1.49,1.52,1.55
2,TB,Bus,bn-vmt,TBDSLC10,Diesel,2010,0,0.46,0.46,0.46,0.18,0,0,0,0,0,0
2,TB,Bus,bn-vmt,TBDSLE,Diesel,Existing,1.82,1.36,0.91,0.45,0,0,0,0,0,0,0
2,TB,Bus,bn-vmt,TBGSLE,Gasoline,Existing,0.08,0.08,0.11,0.15,0.19,0.24,0.29,0.28,0.28,0.27,0.26
3,TB,Bus,bn-vmt,TBCNGC,CNG,Future,0,0,0.06,0.14,0.24,0.31,0.37,0.42,0.48,0.55,0.62
3,TB,Bus,bn-vmt,TBCNGC10,CNG,2010,0,0.03,0.03,0.03,0.01,0,0,0,0,0,0
3,TB,Bus,bn-vmt,TBCNGE,CNG,Existing,0.11,0.08,0.05,0.03,0,0,0,0,0,0,0
3,TB,Bus,bn-vmt,TBDSLC,Diesel,Future,0,0,0.18,0.45,0.89,0.97,0.93,0.94,0.95,0.97,0.99
3,TB,Bus,bn-vmt,TBDSLC10,Diesel,2010,0,0.29,0.29,0.29,0.12,0,0,0,0,0,0
3,TB,Bus,bn-vmt,TBDSLE,Diesel,Existing,1.16,0.87,0.58,0.29,0,0,0,0,0,0,0
3,TB,Bus,bn-vmt,TBGSLE,Gasoline,Existing,0.05,0.05,0.07,0.1,0.12,0.15,0.18,0.18,0.18,0.17,0.17
4,TB,Bus,bn-vmt,TBCNGC,CNG,Future,0,0,0.03,0.06,0.1,0.13,0.16,0.18,0.21,0.24,0.27
4,TB,Bus,bn-vmt,TBCNGC10,CNG,2010,0,0.01,0.01,0.01,0,0,0,0,0,0,0
4,TB,Bus,bn-vmt,TBCNGE,CNG,Existing,0.05,0.04,0.02,0.01,0,0,0,0,0,0,0
4,TB,Bus,bn-vmt,TBDSLC,Diesel,Future,0,0,0.08,0.19,0.38,0.42,0.4,0.41,0.41,0.42,0.43
4,TB,Bus,bn-vmt,TBDSLC10,Diesel,2010,0,0.13,0.13,0.13,0.05,0,0,0,0,0,0
4,TB,Bus,bn-vmt,TBDSLE,Diesel,Existing,0.5,0.38,0.25,0.13,0,0,0,0,0,0,0
4,TB,Bus,bn-vmt,TBGSLE,Gasoline,Existing,0.02,0.02,0.03,0.04,0.05,0.07,0.08,0.08,0.08,0.07,0.07
5,TB,Bus,bn-vmt,TBCNGC,CNG,Future,0,0,0.07,0.15,0.26,0.34,0.4,0.46,0.53,0.6,0.68
5,TB,Bus,bn-vmt,TBCNGC10,CNG,2010,0,0.03,0.03,0.03,0.01,0,0,0,0,0,0
5,TB,Bus,bn-vmt,TBCNGE,CNG,Existing,0.12,0.09,0.06,0.03,0,0,0,0,0,0,0
5,TB,Bus,bn-vmt,TBDSLC,Diesel,Future,0,0,0.2,0.49,0.96,1.05,1.01,1.02,1.03,1.05,1.07
5,TB,Bus,bn-vmt,TBDSLC10,Diesel,2010,0,0.32,0.32,0.32,0.13,0,0,0,0,0,0
5,TB,Bus,bn-vmt,TBDSLE,Diesel,Existing,1.26,0.94,0.63,0.31,0,0,0,0,0,0,0
5,TB,Bus,bn-vmt,TBGSLE,Gasoline,Existing,0.06,0.05,0.08,0.1,0.13,0.17,0.2,0.19,0.19,0.19,0.18
6,TB,Bus,bn-vmt,TBCNGC,CNG,Future,0,0,0.02,0.05,0.09,0.11,0.13,0.15,0.18,0.2,0.23
6,TB,Bus,bn-vmt,TBCNGC10,CNG,2010,0,0.01,0.01,0.01,0,0,0,0,0,0,0
6,TB,Bus,bn-vmt,TBCNGE,CNG,Existing,0.04,0.03,0.02,0.01,0,0,0,0,0,0,0
6,TB,Bus,bn-vmt,TBDSLC,Diesel,Future,0,0,0.07,0.16,0.32,0.35,0.34,0.34,0.34,0.35,0.36
6,TB,Bus,bn-vmt,TBDSLC10,Diesel,2010,0,0.11,0.11,0.11,0.04,0,0,0,0,0,0
6,TB,Bus,bn-vmt,TBDSLE,Diesel,Existing,0.42,0.31,0.21,0.1,0,0,0,0,0,0,0
6,TB,Bus,bn-vmt,TBGSLE,Gasoline,Existing,0.02,0.02,0.03,0.03,0.04,0.06,0.07,0.07,0.06,0.06,0.06
7,TB,Bus,bn-vmt,TBCNGC,CNG,Future,0,0,0.04,0.09,0.15,0.19,0.23,0.26,0.3,0.34,0.39
7,TB,Bus,bn-vmt,TBCNGC10,CNG,2010,0,0.02,0.02,0.02,0.01,0,0,0,0,0,0
7,TB,Bus,bn-vmt,TBCNGE,CNG,Existing,0.07,0.05,0.03,0.02,0,0,0,0,0,0,0
7,TB,Bus,bn-vmt,TBDSLC,Diesel,Future,0,0,0.11,0.28,0.55,0.6,0.58,0.58,0.59,0.6,0.61
7,TB,Bus,bn-vmt,TBDSLC10,Diesel,2010,0,0.18,0.18,0.18,0.07,0,0,0,0,0,0
7,TB,Bus,bn-vmt,TBDSLE,Diesel,Existing,0.71,0.54,0.36,0.18,0,0,0,0,0,0,0
7,TB,Bus,bn-vmt,TBGSLE,Gasoline,Existing,0.03,0.03,0.04,0.06,0.08,0.09,0.11,0.11,0.11,0.11,0.1
8,TB,Bus,bn-vmt,TBCNGC,CNG,Future,0,0,0.02,0.05,0.11,0.12,0.14,0.16,0.18,0.21,0.23
8,TB,Bus,bn-vmt,TBCNGC10,CNG,2010,0,0.01,0.01,0.01,0,0,0,0,0,0,0
8,TB,Bus,bn-vmt,TBCNGE,CNG,Existing,0.04,0.03,0.02,0.01,0,0,0,0,0,0,0
8,TB,Bus,bn-vmt,TBDSLC,Diesel,Future,0,0,0.07,0.17,0.33,0.36,0.35,0.35,0.36,0.36,0.37
8,TB,Bus,bn-vmt,TBDSLC10,Diesel,2010,0,0.11,0.11,0.11,0.04,0,0,0,0,0,0
8,TB,Bus,bn-vmt,TBDSLE,Diesel,Existing,0.43,0.33,0.22,0.11,0,0,0,0,0,0,0
8,TB,Bus,bn-vmt,TBGSLE,Gasoline,Existing,0.02,0.02,0.03,0.04,0.03,0.06,0.07,0.07,0.07,0.06,0.06
9,TB,Bus,bn-vmt,TBCNGC,CNG,Future,0,0,0.07,0.16,0.27,0.34,0.41,0.47,0.54,0.61,0.7
9,TB,Bus,bn-vmt,TBCNGC10,CNG,2010,0,0.03,0.03,0.03,0.01,0,0,0,0,0,0
9,TB,Bus,bn-vmt,TBCNGE,CNG,Existing,0.12,0.09,0.06,0.03,0,0,0,0,0,0,0
9,TB,Bus,bn-vmt,TBDSLC,Diesel,Future,0,0,0.2,0.5,0.99,1.08,1.04,1.04,1.06,1.07,1.1
9,TB,Bus,bn-vmt,TBDSLC10,Diesel,2010,0,0.33,0.33,0.33,0.13,0,0,0,0,0,0
9,TB,Bus,bn-vmt,TBDSLE,Diesel,Existing,1.29,0.97,0.64,0.32,0,0,0,0,0,0,0
9,TB,Bus,bn-vmt,TBGSLE,Gasoline,Existing,0.06,0.06,0.08,0.11,0.14,0.17,0.2,0.2,0.2,0.19,0.18
1,TC,Commercial trucks,bn-vmt,TCCNGC10,CNG,2010,0,0.25,0.25,0.25,0.25,0.03,0,0,0,0,0
1,TC,Commercial trucks,bn-vmt,TCDSLC,Diesel,Future,0,0,0.94,2.04,3.1,4.63,4.98,5.15,5.31,5.48,5.64
1,TC,Commercial trucks,bn-vmt,TCDSLC10,Diesel,2010,0,0.54,0.54,0.54,0.54,0.05,0,0,0,0,0
1,TC,Commercial trucks,bn-vmt,TCDSLE,Diesel,Existing,3.67,2.94,2.2,1.47,0.73,0,0,0,0,0,0
1,TC,Commercial trucks,bn-vmt,TCE85C,E85,Future,0,0,0,0.24,0.39,0.78,0.98,1.42,1.9,2.42,2.98
1,TC,Commercial trucks,bn-vmt,TCGSLC,Gasoline,Future,0,0,1.45,2.91,4.42,6.29,6.72,6.96,7.18,7.4,7.63
1,TC,Commercial trucks,bn-vmt,TCGSLC10,Gasoline,2010,0,0.41,0.41,0.41,0.41,0.04,0,0,0,0,0
1,TC,Commercial trucks,bn-vmt,TCGSLE,Gasoline,Existing,5.36,4.29,3.22,2.14,1.07,0,0,0,0,0,0
2,TC,Commercial trucks,bn-vmt,TCDSLC,Diesel,Future,0,0,0.44,1.14,1.82,2.5,2.65,2.74,2.83,2.91,3
2,TC,Commercial trucks,bn-vmt,TCDSLE,Diesel,Existing,2.53,1.98,1.52,1.01,0.51,0,0,0,0,0,0
2,TC,Commercial trucks,bn-vmt,TCE85C,E85,Future,0,0,0,0.26,0.34,0.43,0.52,0.76,1.01,1.29,1.59
2,TC,Commercial trucks,bn-vmt,TCGSLC,Gasoline,Future,0,0,0.79,1.32,2.01,3.3,3.58,3.71,3.82,3.94,4.06
2,TC,Commercial trucks,bn-vmt,TCGSLC10,Gasoline,2010,0,0.68,0.68,0.68,0.68,0.07,0,0,0,0,0
2,TC,Commercial trucks,bn-vmt,TCGSLE,Gasoline,Existing,2.27,1.82,1.36,0.91,0.45,0,0,0,0,0,0
3,TC,Commercial trucks,bn-vmt,TCCNGC10,CNG,2010,0,0.21,0.21,0.21,0.21,0.02,0,0,0,0,0
3,TC,Commercial trucks,bn-vmt,TCDSLC,Diesel,Future,0,0,0.78,1.7,2.58,3.82,4.1,4.24,4.38,4.51,4.65
3,TC,Commercial trucks,bn-vmt,TCDSLC10,Diesel,2010,0,0.4,0.4,0.4,0.4,0.04,0,0,0,0,0
3,TC,Commercial trucks,bn-vmt,TCDSLE,Diesel,Existing,3.07,2.46,1.84,1.23,0.61,0,0,0,0,0,0
3,TC,Commercial trucks,bn-vmt,TCE85C,E85,Future,0,0,0,0.2,0.32,0.64,0.81,1.17,1.56,1.99,2.45
3,TC,Commercial trucks,bn-vmt,TCGSLC,Gasoline,Future,0,0,1.19,2.38,3.61,5.18,5.54,5.73,5.91,6.09,6.28
3,TC,Commercial trucks,bn-vmt,TCGSLC10,Gasoline,2010,0,0.38,0.38,0.38,0.38,0.04,0,0,0,0,0
3,TC,Commercial trucks,bn-vmt,TCGSLE,Gasoline,Existing,4.37,3.49,2.62,1.75,0.87,0,0,0,0,0,0
4,TC,Commercial trucks,bn-vmt,TCCNGC10,CNG,2010,0,0.2,0.2,0.2,0.2,0.02,0,0,0,0,0
4,TC,Commercial trucks,bn-vmt,TCDSLC,Diesel,Future,0,0,0.75,1.63,2.48,3.62,3.88,4.02,4.14,4.27,4.4
4,TC,Commercial trucks,bn-vmt,TCDSLC10,Diesel,2010,0,0.33,0.33,0.33,0.33,0.03,0,0,0,0,0
4,TC,Commercial trucks,bn-vmt,TCDSLE,Diesel,Existing,2.97,2.38,1.78,1.19,0.59,0,0,0,0,0,0
4,TC,Commercial trucks,bn-vmt,TCE85C,E85,Future,0,0,0,0.19,0.3,0.61,0.77,1.11,1.48,1.88,2.32
4,TC,Commercial trucks,bn-vmt,TCGSLC,Gasoline,Future,0,0,1.11,2.22,3.38,4.9,5.24,5.43,5.59,5.77,5.94
4,TC,Commercial trucks,bn-vmt,TCGSLC10,Gasoline,2010,0,0.41,0.41,0.41,0.41,0.04,0,0,0,0,0
4,TC,Commercial trucks,bn-vmt,TCGSLE,Gasoline,Existing,4.07,3.25,2.44,1.63,0.81,0,0,0,0,0,0
5,TC,Commercial trucks,bn-vmt,TCCNGC10,CNG,2010,0,0.37,0.37,0.37,0.37,0.04,0,0,0,0,0
5,TC,Commercial trucks,bn-vmt,TCDSLC,Diesel,Future,0,0,1.55,3.34,5.08,6.9,7.34,7.6,7.83,8.07,8.32
5,TC,Commercial trucks,bn-vmt,TCDSLC10,Diesel,2010,0,0.11,0.11,0.11,0.11,0.01,0,0,0,0,0
5,TC,Commercial trucks,bn-vmt,TCDSLE,Diesel,Existing,6.27,5.01,3.76,2.51,1.25,0,0,0,0,0,0
5,TC,Commercial trucks,bn-vmt,TCE85C,E85,Future,0,0,0,0.35,0.57,1.15,1.45,2.1,2.8,3.56,4.39
5,TC,Commercial trucks,bn-vmt,TCGSLC,Gasoline,Future,0,0,1.97,3.95,6.01,9.21,9.91,10.26,10.58,10.9,11.24
5,TC,Commercial trucks,bn-vmt,TCGSLC10,Gasoline,2010,0,1.28,1.28,1.28,1.28,0.13,0,0,0,0,0
5,TC,Commercial trucks,bn-vmt,TCGSLE,Gasoline,Existing,7.05,5.64,4.23,2.82,1.41,0,0,0,0,0,0
6,TC,Commercial trucks,bn-vmt,TCCNGC10,CNG,2010,0,0.06,0.06,0.06,0.06,0.01,0,0,0,0,0
6,TC,Commercial trucks,bn-vmt,TCDSLC,Diesel,Future,0,0,0.57,1.31,2.04,2.76,2.93,3.03,3.12,3.22,3.32
6,TC,Commercial trucks,bn-vmt,TCDSLE,Diesel,Existing,2.67,2.13,1.6,1.07,0.53,0,0,0,0,0,0
6,TC,Commercial trucks,bn-vmt,TCE85C,E85,Future,0,0,0,0.23,0.32,0.47,0.58,0.84,1.12,1.42,1.75
6,TC,Commercial trucks,bn-vmt,TCGSLC,Gasoline,Future,0,0,0.84,1.51,2.3,3.66,3.95,4.1,4.22,4.35,4.49
6,TC,Commercial trucks,bn-vmt,TCGSLC10,Gasoline,2010,0,0.64,0.64,0.64,0.64,0.06,0,0,0,0,0
6,TC,Commercial trucks,bn-vmt,TCGSLE,Gasoline,Existing,2.65,2.12,1.59,1.06,0.53,0,0,0,0,0,0
7,TC,Commercial trucks,bn-vmt,TCDSLC,Diesel,Future,0,0,0.48,1.26,2.02,2.77,2.94,3.04,3.14,3.23,3.33
7,TC,Commercial trucks,bn-vmt,TCDSLE,Diesel,Existing,2.82,2.2,1.69,1.13,0.56,0,0,0,0,0,0
7,TC,Commercial trucks,bn-vmt,TCE85C,E85,Future,0,0,0,0.29,0.38,0.48,0.58,0.84,1.12,1.43,1.76
7,TC,Commercial trucks,bn-vmt,TCGSLC,Gasoline,Future,0,0,0.88,1.46,2.22,3.66,3.97,4.11,4.24,4.37,4.5
7,TC,Commercial trucks,bn-vmt,TCGSLC10,Gasoline,2010,0,0.77,0.77,0.77,0.77,0.08,0,0,0,0,0
7,TC,Commercial trucks,bn-vmt,TCGSLE,Gasoline,Existing,2.51,2.01,1.51,1,0.5,0,0,0,0,0,0
8,TC,Commercial trucks,bn-vmt,TCCNGC10,CNG,2010,0,0.24,0.24,0.24,0.24,0.02,0,0,0,0,0
8,TC,Commercial trucks,bn-vmt,TCDSLC,Diesel,Future,0,0,0.85,1.85,2.82,4.37,4.71,4.88,5.03,5.19,5.34
8,TC,Commercial trucks,bn-vmt,TCDSLC10,Diesel,2010,0,0.66,0.66,0.66,0.66,0.07,0,0,0,0,0
8,TC,Commercial trucks,bn-vmt,TCDSLE,Diesel,Existing,3.29,2.63,1.98,1.32,0.66,0,0,0,0,0,0
8,TC,Commercial trucks,bn-vmt,TCE85C,E85,Future,0,0,0,0.23,0.37,0.74,0.93,1.35,1.8,2.29,2.82
8,TC,Commercial trucks,bn-vmt,TCGSLC,Gasoline,Future,0,0,1.41,2.83,4.3,5.97,6.37,6.59,6.8,7.01,7.22
8,TC,Commercial trucks,bn-vmt,TCGSLC10,Gasoline,2010,0,0.24,0.24,0.24,0.24,0.02,0,0,0,0,0
8,TC,Commercial trucks,bn-vmt,TCGSLE,Gasoline,Existing,5.26,4.21,3.16,2.1,1.05,0,0,0,0,0,0
9,TC,Commercial trucks,bn-vmt,TCCNGC10,CNG,2010,0,0.22,0.22,0.22,0.22,0.02,0,0,0,0,0
9,TC,Commercial trucks,bn-vmt,TCDSLC,Diesel,Future,0,0,0.87,1.88,2.85,4.01,4.28,4.43,4.57,4.71,4.86
9,TC,Commercial trucks,bn-vmt,TCDSLC10,Diesel,2010,0,0.21,0.21,0.21,0.21,0.02,0,0,0,0,0
9,TC,Commercial trucks,bn-vmt,TCDSLE,Diesel,Existing,3.48,2.78,2.09,1.39,0.7,0,0,0,0,0,0
9,TC,Commercial trucks,bn-vmt,TCE85C,E85,Future,0,0,0,0.21,0.33,0.67,0.85,1.23,1.63,2.08,2.56
9,TC,Commercial trucks,bn-vmt,TCGSLC,Gasoline,Future,0,0,1.19,2.38,3.62,5.39,5.78,5.99,6.17,6.37,6.56
9,TC,Commercial trucks,bn-vmt,TCGSLC10,Gasoline,2010,0,0.61,0.61,0.61,0.61,0.06,0,0,0,0,0
9,TC,Commercial trucks,bn-vmt,TCGSLE,Gasoline,Existing,4.3,3.44,2.58,1.72,0.86,0,0,0,0,0,0
1,THL,Heavy duty - Long haul,bn-vmt,THLB20C,B20,Future,0,0,0,0.64,0.64,0.64,0.67,0.68,0.69,0.71,0.72
1,THL,Heavy duty - Long haul,bn-vmt,THLDSLC,Diesel,Future,0,0,1.48,2.36,4.31,5.07,5.46,5.95,6.33,6.72,7.14
1,THL,Heavy duty - Long haul,bn-vmt,THLDSLC10,Diesel,2010,0,0.85,0.85,0.85,0.34,0,0,0,0,0,0
1,THL,Heavy duty - Long haul,bn-vmt,THLDSLE,Diesel,Existing,3.75,2.81,1.87,0.94,0,0,0,0,0,0,0
2,THL,Heavy duty - Long haul,bn-vmt,THLB20C,B20,Future,0,0,0,0.89,1.13,1.38,1.63,1.92,1.98,2.02,2.07
2,THL,Heavy duty - Long haul,bn-vmt,THLDSLC,Diesel,Future,0,0,1.26,1.68,3.1,3.51,3.61,3.76,4.03,4.33,4.65
2,THL,Heavy duty - Long haul,bn-vmt,THLDSLC10,Diesel,2010,0,0.72,0.72,0.72,0.29,0,0,0,0,0,0
2,THL,Heavy duty - Long haul,bn-vmt,THLDSLE,Diesel,Existing,3.2,2.4,1.6,0.8,0,0,0,0,0,0,0
3,THL,Heavy duty - Long haul,bn-vmt,THLB20C,B20,Future,0,0,0,0.23,2.01,2.01,2.06,2.08,2.1,2.12,2.15
3,THL,Heavy duty - Long haul,bn-vmt,THLDSLC,Diesel,Future,0,0,3.53,6.96,9.83,11.67,12.61,13.79,14.69,15.65,16.67
3,THL,Heavy duty - Long haul,bn-vmt,THLDSLC10,Diesel,2010,0,2.03,2.03,2.03,0.81,0,0,0,0,0,0
3,THL,Heavy duty - Long haul,bn-vmt,THLDSLE,Diesel,Existing,8.96,6.72,4.48,2.24,0,0,0,0,0,0,0
3,THL,Heavy duty - Long haul,bn-vmt,THLLPGE,LPG,Existing,0,0,0,0,0,0,0,0,0,0,0
4,THL,Heavy duty - Long haul,bn-vmt,THLB20C,B20,Future,0,0,0,0.35,0.89,0.89,0.93,0.95,0.96,0.98,1
4,THL,Heavy duty - Long haul,bn-vmt,THLDSLC,Diesel,Future,0,0,6.34,12.57,20.37,23.67,25.41,27.56,29.2,30.95,32.79
4,THL,Heavy duty - Long haul,bn-vmt,THLDSLC10,Diesel,2010,0,3.64,3.64,3.64,1.45,0,0,0,0,0,0
4,THL,Heavy duty - Long haul,bn-vmt,THLDSLE,Diesel,Existing,16.09,12.07,8.05,4.02,0,0,0,0,0,0,0
5,THL,Heavy duty - Long haul,bn-vmt,THLB20C,B20,Future,0,0,0,1.85,2.74,2.74,2.99,3.13,3.27,3.42,3.58
5,THL,Heavy duty - Long haul,bn-vmt,THLDSLC,Diesel,Future,0,0,3.66,5.6,9.52,11.42,12.19,13.31,14.13,14.99,15.9
5,THL,Heavy duty - Long haul,bn-vmt,THLDSLC10,Diesel,2010,0,2.1,2.1,2.1,0.84,0,0,0,0,0,0
5,THL,Heavy duty - Long haul,bn-vmt,THLDSLE,Diesel,Existing,9.28,6.96,4.64,2.32,0,0,0,0,0,0,0
6,THL,Heavy duty - Long haul,bn-vmt,THLB20C,B20,Future,0,0,0,0.02,0.84,0.84,0.88,0.91,0.93,0.95,0.97
6,THL,Heavy duty - Long haul,bn-vmt,THLDSLC,Diesel,Future,0,0,3.66,7.42,11.42,13.32,14.3,15.53,16.46,17.46,18.51
6,THL,Heavy duty - Long haul,bn-vmt,THLDSLC10,Diesel,2010,0,2.1,2.1,2.1,0.84,0,0,0,0,0,0
6,THL,Heavy duty - Long haul,bn-vmt,THLDSLE,Diesel,Existing,9.27,6.96,4.64,2.32,0,0,0,0,0,0,0
6,THL,Heavy duty - Long haul,bn-vmt,THLLPGE,LPG,Existing,0,0,0,0,0,0,0,0,0,0,0
7,THL,Heavy duty - Long haul,bn-vmt,THLB20C,B20,Future,0,0,0,0.02,1.7,1.7,1.7,1.56,1.64,1.74,1.27
7,THL,Heavy duty - Long haul,bn-vmt,THLDSLC,Diesel,Future,0,0,2.43,4.93,6.46,7.72,8.4,9.38,9.93,10.51,11.69
7,THL,Heavy duty - Long haul,bn-vmt,THLDSLC10,Diesel,2010,0,1.39,1.39,1.39,0.56,0,0,0,0,0,0
7,THL,Heavy duty - Long haul,bn-vmt,THLDSLE,Diesel,Existing,6.17,4.63,3.09,1.54,0,0,0,0,0,0,0
8,THL,Heavy duty - Long haul,bn-vmt,THLB20C,B20,Future,0,0,0,0.86,0.98,0.98,1.07,1.12,1.16,1.21,1.27
8,THL,Heavy duty - Long haul,bn-vmt,THLDSLC,Diesel,Future,0,0,4.71,8.73,14.8,17.25,18.48,20.05,21.23,22.49,23.82
8,THL,Heavy duty - Long haul,bn-vmt,THLDSLC10,Diesel,2010,0,2.7,2.7,2.7,1.08,0,0,0,0,0,0
8,THL,Heavy duty - Long haul,bn-vmt,THLDSLE,Diesel,Existing,11.95,8.96,5.97,2.99,0,0,0,0,0,0,0
8,THL,Heavy duty - Long haul,bn-vmt,THLLPGE,LPG,Existing,0,0,0,0,0,0,0,0,0,0,0
9,THL,Heavy duty - Long haul,bn-vmt,THLB20C,B20,Future,0,0,0,1.32,1.69,2.06,2.43,2.87,3.19,3.36,3.54
9,THL,Heavy duty - Long haul,bn-vmt,THLDSLC,Diesel,Future,0,0,1.94,2.62,4.81,5.45,5.62,5.84,6.03,6.4,6.79
9,THL,Heavy duty - Long haul,bn-vmt,THLDSLC10,Diesel,2010,0,1.11,1.11,1.11,0.44,0,0,0,0,0,0
9,THL,Heavy duty - Long haul,bn-vmt,THLDSLE,Diesel,Existing,4.92,3.69,2.46,1.23,0,0,0,0,0,0,0
1,THS,Heavy duty - Short haul,bn-vmt,THSCNGC10,CNG,2010,0,0.01,0.01,0.01,0.01,0.01,0,0,0,0,0
1,THS,Heavy duty - Short haul,bn-vmt,THSCNGE,CNG,Existing,0,0,0,0,0,0,0,0,0,0,0
1,THS,Heavy duty - Short haul,bn-vmt,THSDSLC,Diesel,Future,0,0,4.53,9.24,13.62,18.22,21.52,23.3,24.65,26.09,27.61
1,THS,Heavy duty - Short haul,bn-vmt,THSDSLC10,Diesel,2010,0,2.31,2.31,2.31,2.31,1.85,0,0,0,0,0
1,THS,Heavy duty - Short haul,bn-vmt,THSDSLE,Diesel,Existing,13.03,10.43,7.82,5.21,2.61,0,0,0,0,0,0
1,THS,Heavy duty - Short haul,bn-vmt,THSGSLE,Gasoline,Existing,0.11,0.09,0.06,0.04,0.02,0,0,0,0,0,0
1,THS,Heavy duty - Short haul,bn-vmt,THSLPGE,LPG,Existing,0.01,0.01,0.01,0.01,0,0,0,0,0,0,0
2,THS,Heavy duty - Short haul,bn-vmt,THSB20E,B20,Existing,0.02,0.02,0.01,0.01,0,0,0,0,0,0,0
2,THS,Heavy duty - Short haul,bn-vmt,THSCNGC10,CNG,2010,0,0,0,0,0,0,0,0,0,0,0
2,THS,Heavy duty - Short haul,bn-vmt,THSCNGE,CNG,Existing,0,0,0,0,0,0,0,0,0,0,0
2,THS,Heavy duty - Short haul,bn-vmt,THSDSLC,Diesel,Future,0,0,2.39,4.88,7.19,9.62,11.36,12.3,13.01,13.77,14.57
2,THS,Heavy duty - Short haul,bn-vmt,THSDSLC10,Diesel,2010,0,1.22,1.22,1.22,1.22,0.98,0,0,0,0,0
2,THS,Heavy duty - Short haul,bn-vmt,THSDSLE,Diesel,Existing,6.88,5.5,4.13,2.75,1.38,0,0,0,0,0,0
2,THS,Heavy duty - Short haul,bn-vmt,THSGSLE,Gasoline,Existing,0.04,0.03,0.02,0.02,0.01,0,0,0,0,0,0
3,THS,Heavy duty - Short haul,bn-vmt,THSB20E,B20,Existing,0.89,0.71,0.53,0.35,0.18,0,0,0,0,0,0
3,THS,Heavy duty - Short haul,bn-vmt,THSCNGC10,CNG,2010,0,0.01,0.01,0.01,0.01,0.01,0,0,0,0,0
3,THS,Heavy duty - Short haul,bn-vmt,THSDSLC,Diesel,Future,0,0,4.29,8.76,12.91,17.27,20.4,22.08,23.37,24.73,26.17
3,THS,Heavy duty - Short haul,bn-vmt,THSDSLC10,Diesel,2010,0,2.19,2.19,2.19,2.19,1.75,0,0,0,0,0
3,THS,Heavy duty - Short haul,bn-vmt,THSDSLE,Diesel,Existing,11.46,9.17,6.88,4.58,2.29,0,0,0,0,0,0
3,THS,Heavy duty - Short haul,bn-vmt,THSGSLE,Gasoline,Existing,0.09,0.07,0.06,0.04,0.02,0,0,0,0,0,0
3,THS,Heavy duty - Short haul,bn-vmt,THSLPGE,LPG,Existing,0.03,0.02,0.02,0.01,0.01,0,0,0,0,0,0
4,THS,Heavy duty - Short haul,bn-vmt,THSB20E,B20,Existing,0.93,0.75,0.56,0.37,0.19,0,0,0,0,0,0
4,THS,Heavy duty - Short haul,bn-vmt,THSCNGC10,CNG,2010,0,0.01,0.01,0.01,0.01,0,0,0,0,0,0
4,THS,Heavy duty - Short haul,bn-vmt,THSDSLC,Diesel,Future,0,0,4.11,8.44,12.46,16.7,19.77,21.4,22.64,23.96,25.36
4,THS,Heavy duty - Short haul,bn-vmt,THSDSLC10,Diesel,2010,0,2.17,2.17,2.17,2.17,1.73,0,0,0,0,0
4,THS,Heavy duty - Short haul,bn-vmt,THSDSLE,Diesel,Existing,10.95,8.76,6.57,4.38,2.19,0,0,0,0,0,0
4,THS,Heavy duty - Short haul,bn-vmt,THSGSLE,Gasoline,Existing,0.19,0.11,0.11,0.08,0.04,0,0,0,0,0,0
4,THS,Heavy duty - Short haul,bn-vmt,THSLPGE,LPG,Existing,0.01,0.01,0,0,0,0,0,0,0,0,0
5,THS,Heavy duty - Short haul,bn-vmt,THSB20E,B20,Existing,0.09,0.07,0.06,0.04,0.02,0,0,0,0,0,0
5,THS,Heavy duty - Short haul,bn-vmt,THSCNGC10,CNG,2010,0,0.01,0.01,0.01,0.01,0.01,0,0,0,0,0
5,THS,Heavy duty - Short haul,bn-vmt,THSCNGE,CNG,Existing,0,0,0,0,0,0,0,0,0,0,0
5,THS,Heavy duty - Short haul,bn-vmt,THSDSLC,Diesel,Future,0,0,6.33,12.91,19.04,25.47,30.09,32.56,34.46,36.47,38.6
5,THS,Heavy duty - Short haul,bn-vmt,THSDSLC10,Diesel,2010,0,3.23,3.23,3.23,3.23,2.58,0,0,0,0,0
5,THS,Heavy duty - Short haul,bn-vmt,THSDSLE,Diesel,Existing,18.17,14.53,10.9,7.27,3.63,0,0,0,0,0,0
5,THS,Heavy duty - Short haul,bn-vmt,THSGSLE,Gasoline,Existing,0.11,0.09,0.06,0.04,0.02,0,0,0,0,0,0
5,THS,Heavy duty - Short haul,bn-vmt,THSLPGE,LPG,Existing,0.01,0.01,0.01,0.01,0,0,0,0,0,0,0
6,THS,Heavy duty - Short haul,bn-vmt,THSB20E,B20,Existing,0.1,0.08,0.06,0.04,0.02,0,0,0,0,0,0
6,THS,Heavy duty - Short haul,bn-vmt,THSDSLC,Diesel,Future,0,0,3.27,6.69,9.87,13.2,15.61,16.9,17.88,18.92,20.03
6,THS,Heavy duty - Short haul,bn-vmt,THSDSLC10,Diesel,2010,0,1.69,1.69,1.69,1.69,1.35,0,0,0,0,0
6,THS,Heavy duty - Short haul,bn-vmt,THSDSLE,Diesel,Existing,9.3,7.44,5.58,3.72,1.86,0,0,0,0,0,0
6,THS,Heavy duty - Short haul,bn-vmt,THSGSLE,Gasoline,Existing,0.12,0.08,0.07,0.05,0.02,0,0,0,0,0,0
6,THS,Heavy duty - Short haul,bn-vmt,THSLPGE,LPG,Existing,0.02,0.01,0.01,0.01,0,0,0,0,0,0,0
7,THS,Heavy duty - Short haul,bn-vmt,THSB20E,B20,Existing,0.1,0.08,0.06,0.04,0.02,0,0,0,0,0,0
7,THS,Heavy duty - Short haul,bn-vmt,THSCNGE,CNG,Existing,0.01,0,0.01,0,0,0,0,0,0,0,0
7,THS,Heavy duty - Short haul,bn-vmt,THSDSLC,Diesel,Future,0,0,3.18,6.49,9.58,12.81,15.14,16.38,17.34,18.35,19.42
7,THS,Heavy duty - Short haul,bn-vmt,THSDSLC10,Diesel,2010,0,1.63,1.63,1.63,1.63,1.31,0,0,0,0,0
7,THS,Heavy duty - Short haul,bn-vmt,THSDSLE,Diesel,Existing,9.06,7.25,5.43,3.62,1.81,0,0,0,0,0,0
7,THS,Heavy duty - Short haul,bn-vmt,THSGSLE,Gasoline,Existing,0.06,0.05,0.04,0.03,0.01,0,0,0,0,0,0
7,THS,Heavy duty - Short haul,bn-vmt,THSLPGE,LPG,Existing,0.02,0.02,0.01,0.01,0,0,0,0,0,0,0
8,THS,Heavy duty - Short haul,bn-vmt,THSCNGC,CNG,Future,0,0,0,0,0,0,0,0,2.18,2.18,2.18
8,THS,Heavy duty - Short haul,bn-vmt,THSCNGC10,CNG,2010,0,0.01,0.01,0.01,0.01,0,0,0,0,0,0
8,THS,Heavy duty - Short haul,bn-vmt,THSCNGE,CNG,Existing,0,0,0,0,0,0,0,0,0,0,0
8,THS,Heavy duty - Short haul,bn-vmt,THSDSLC,Diesel,Future,0,0,4.62,9.43,13.9,18.59,21.97,23.77,22.98,24.45,26
8,THS,Heavy duty - Short haul,bn-vmt,THSDSLC10,Diesel,2010,0,2.36,2.36,2.36,2.36,1.89,0,0,0,0,0
8,THS,Heavy duty - Short haul,bn-vmt,THSDSLE,Diesel,Existing,13.24,10.59,7.94,5.3,2.65,0,0,0,0,0,0
8,THS,Heavy duty - Short haul,bn-vmt,THSGSLE,Gasoline,Existing,0.15,0.12,0.09,0.06,0.03,0,0,0,0,0,0
8,THS,Heavy duty - Short haul,bn-vmt,THSLPGE,LPG,Existing,0.03,0.02,0.02,0.01,0.01,0,0,0,0,0,0
9,THS,Heavy duty - Short haul,bn-vmt,THSCNGC,CNG,Future,0,0,0,0,0,0,0,0,0.02,0.02,0.02
9,THS,Heavy duty - Short haul,bn-vmt,THSCNGE,CNG,Existing,0.01,0.01,0.01,0,0,0,0,0,0,0,0
9,THS,Heavy duty - Short haul,bn-vmt,THSDSLC,Diesel,Future,0,0,3.5,7.14,10.53,14.09,16.64,18.01,19.05,20.16,21.33
9,THS,Heavy duty - Short haul,bn-vmt,THSDSLC10,Diesel,2010,0,1.79,1.79,1.79,1.79,1.43,0,0,0,0,0
9,THS,Heavy duty - Short haul,bn-vmt,THSDSLE,Diesel,Existing,10.07,8.05,6.04,4.03,2.01,0,0,0,0,0,0
9,THS,Heavy duty - Short haul,bn-vmt,THSGSLE,Gasoline,Existing,0.08,0.06,0.05,0.03,0.02,0,0,0,0,0,0
9,THS,Heavy duty - Short haul,bn-vmt,THSLPGE,LPG,Existing,0.01,0.01,0.01,0.01,0,0,0,0,0,0,0
1,TM,Medium duty vehicle,bn-vmt,TMCNGC,CNG,Future,0,0,0,0,0.11,0.11,0.24,0.24,0.24,0.23,0.23
1,TM,Medium duty vehicle,bn-vmt,TMCNGC10,CNG,2010,0,0.12,0.12,0.12,0.12,0.1,0,0,0,0,0
1,TM,Medium duty vehicle,bn-vmt,TMCNGE,CNG,Existing,0.04,0.04,0.03,0.02,0.01,0,0,0,0,0,0
1,TM,Medium duty vehicle,bn-vmt,TMDSLC,Diesel,Future,0,0,2.78,4.73,6.43,8.39,10.45,10.71,10.97,11.24,9.92
1,TM,Medium duty vehicle,bn-vmt,TMDSLC10,Diesel,2010,0,1.92,1.92,1.92,1.92,1.54,0,0,0,0,0
1,TM,Medium duty vehicle,bn-vmt,TMDSLE,Diesel,Existing,5.18,4.15,3.11,2.07,1.04,0,0,0,0,0,0
1,TM,Medium duty vehicle,bn-vmt,TMGSLC,Gasoline,Future,0,0,0.86,1.35,1.75,2.21,2.77,2.74,2.72,2.69,4.25
1,TM,Medium duty vehicle,bn-vmt,TMGSLC10,Gasoline,2010,0,0.84,0.84,0.84,0.84,0.67,0,0,0,0,0
1,TM,Medium duty vehicle,bn-vmt,TMGSLE,Gasoline,Existing,2.06,1.65,1.24,0.82,0.41,0,0,0,0,0,0
1,TM,Medium duty vehicle,bn-vmt,TMLPGC,LPG,Future,0,0,0.04,0.07,0.1,0.14,0.19,0.18,0.18,0.18,0.18
1,TM,Medium duty vehicle,bn-vmt,TMLPGC10,LPG,2010,0,0.03,0.03,0.03,0.03,0.02,0,0,0,0,0
1,TM,Medium duty vehicle,bn-vmt,TMLPGE,LPG,Existing,0.04,0.03,0.03,0.02,0.01,0,0,0,0,0,0
2,TM,Medium duty vehicle,bn-vmt,TMB20C,B20,Future,0,0,0,0.04,0.04,0.04,0.04,0.03,0,0,0
2,TM,Medium duty vehicle,bn-vmt,TMCNGC,CNG,Future,0,0,0,0,0.06,0.06,0.14,0.14,0.14,0.13,0.13
2,TM,Medium duty vehicle,bn-vmt,TMCNGC10,CNG,2010,0,0.07,0.07,0.07,0.07,0.05,0,0,0,0,0
2,TM,Medium duty vehicle,bn-vmt,TMCNGE,CNG,Existing,0.03,0.02,0.02,0.01,0.01,0,0,0,0,0,0
2,TM,Medium duty vehicle,bn-vmt,TMDSLC,Diesel,Future,0,0,1.6,2.68,3.66,4.78,5.97,6.12,6.3,6.45,5.7
2,TM,Medium duty vehicle,bn-vmt,TMDSLC10,Diesel,2010,0,1.1,1.1,1.1,1.1,0.88,0,0,0,0,0
2,TM,Medium duty vehicle,bn-vmt,TMDSLE,Diesel,Existing,2.98,2.38,1.79,1.19,0.6,0,0,0,0,0,0
2,TM,Medium duty vehicle,bn-vmt,TMGSLC,Gasoline,Future,0,0,0.5,0.78,1.01,1.27,1.59,1.57,1.56,1.54,2.44
2,TM,Medium duty vehicle,bn-vmt,TMGSLC10,Gasoline,2010,0,0.48,0.48,0.48,0.48,0.38,0,0,0,0,0
2,TM,Medium duty vehicle,bn-vmt,TMGSLE,Gasoline,Existing,1.18,0.95,0.71,0.47,0.24,0,0,0,0,0,0
2,TM,Medium duty vehicle,bn-vmt,TMLPGC,LPG,Future,0,0,0.02,0.04,0.06,0.08,0.11,0.11,0.1,0.1,0.1
2,TM,Medium duty vehicle,bn-vmt,TMLPGC10,LPG,2010,0,0.01,0.01,0.01,0.01,0.01,0,0,0,0,0
2,TM,Medium duty vehicle,bn-vmt,TMLPGE,LPG,Existing,0.02,0.02,0.01,0.01,0,0,0,0,0,0,0
3,TM,Medium duty vehicle,bn-vmt,TMCNGC,CNG,Future,0,0,0,0,0.07,0.07,0.15,0.15,0.15,0.15,0.15
3,TM,Medium duty vehicle,bn-vmt,TMCNGC10,CNG,2010,0,0.08,0.08,0.08,0.08,0.06,0,0,0,0,0
3,TM,Medium duty vehicle,bn-vmt,TMCNGE,CNG,Existing,0.03,0.02,0.02,0.01,0.01,0,0,0,0,0,0
3,TM,Medium duty vehicle,bn-vmt,TMDSLC,Diesel,Future,0,0,1.77,3,4.08,5.32,6.64,6.8,6.96,7.13,6.3
3,TM,Medium duty vehicle,bn-vmt,TMDSLC10,Diesel,2010,0,1.22,1.22,1.22,1.22,0.98,0,0,0,0,0
3,TM,Medium duty vehicle,bn-vmt,TMDSLE,Diesel,Existing,3.29,2.63,1.97,1.32,0.66,0,0,0,0,0,0
3,TM,Medium duty vehicle,bn-vmt,TMGSLC,Gasoline,Future,0,0,0.55,0.86,1.11,1.41,1.76,1.74,1.72,1.71,2.7
3,TM,Medium duty vehicle,bn-vmt,TMGSLC10,Gasoline,2010,0,0.53,0.53,0.53,0.53,0.43,0,0,0,0,0
3,TM,Medium duty vehicle,bn-vmt,TMGSLE,Gasoline,Existing,1.31,1.05,0.79,0.52,0.26,0,0,0,0,0,0
3,TM,Medium duty vehicle,bn-vmt,TMLPGC,LPG,Future,0,0,0.02,0.05,0.07,0.09,0.12,0.12,0.12,0.11,0.11
3,TM,Medium duty vehicle,bn-vmt,TMLPGC10,LPG,2010,0,0.02,0.02,0.02,0.02,0.01,0,0,0,0,0
3,TM,Medium duty vehicle,bn-vmt,TMLPGE,LPG,Existing,0.03,0.02,0.02,0.01,0.01,0,0,0,0,0,0
4,TM,Medium duty vehicle,bn-vmt,TMCNGC,CNG,Future,0,0,0,0,0.06,0.06,0.14,0.14,0.13,0.13,0.13
4,TM,Medium duty vehicle,bn-vmt,TMCNGC10,CNG,2010,0,0.07,0.07,0.07,0.07,0.05,0,0,0,0,0
4,TM,Medium duty vehicle,bn-vmt,TMCNGE,CNG,Existing,0.03,0.02,0.02,0.01,0.01,0,0,0,0,0,0
4,TM,Medium duty vehicle,bn-vmt,TMDSLC,Diesel,Future,0,0,1.59,2.7,3.67,4.78,5.96,6.1,6.25,6.41,5.66
4,TM,Medium duty vehicle,bn-vmt,TMDSLC10,Diesel,2010,0,1.1,1.1,1.1,1.1,0.88,0,0,0,0,0
4,TM,Medium duty vehicle,bn-vmt,TMDSLE,Diesel,Existing,2.95,2.36,1.77,1.18,0.59,0,0,0,0,0,0
4,TM,Medium duty vehicle,bn-vmt,TMGSLC,Gasoline,Future,0,0,0.49,0.77,1,1.26,1.58,1.56,1.55,1.53,2.42
4,TM,Medium duty vehicle,bn-vmt,TMGSLC10,Gasoline,2010,0,0.48,0.48,0.48,0.48,0.38,0,0,0,0,0
4,TM,Medium duty vehicle,bn-vmt,TMGSLE,Gasoline,Existing,1.17,0.94,0.7,0.47,0.23,0,0,0,0,0,0
4,TM,Medium duty vehicle,bn-vmt,TMLPGC,LPG,Future,0,0,0.02,0.04,0.06,0.08,0.11,0.1,0.1,0.1,0.1
4,TM,Medium duty vehicle,bn-vmt,TMLPGC10,LPG,2010,0,0.01,0.01,0.01,0.01,0.01,0,0,0,0,0
4,TM,Medium duty vehicle,bn-vmt,TMLPGE,LPG,Existing,0.02,0.02,0.01,0.01,0,0,0,0,0,0,0
5,TM,Medium duty vehicle,bn-vmt,TMCNGC,CNG,Future,0,0,0,0,0.06,0.15,0.32,0.32,0.31,0.31,0.31
5,TM,Medium duty vehicle,bn-vmt,TMCNGC10,CNG,2010,0,0.16,0.16,0.16,0.16,0.13,0,0,0,0,0
5,TM,Medium duty vehicle,bn-vmt,TMCNGE,CNG,Existing,0.06,0.05,0.04,0.02,0.01,0,0,0,0,0,0
5,TM,Medium duty vehicle,bn-vmt,TMDSLC,Diesel,Future,0,0,3.67,6.24,8.58,11.07,13.8,14.13,14.48,14.84,13.1
5,TM,Medium duty vehicle,bn-vmt,TMDSLC10,Diesel,2010,0,2.54,2.54,2.54,2.54,2.03,0,0,0,0,0
5,TM,Medium duty vehicle,bn-vmt,TMDSLE,Diesel,Existing,6.84,5.47,4.1,2.74,1.37,0,0,0,0,0,0
5,TM,Medium duty vehicle,bn-vmt,TMGSLC,Gasoline,Future,0,0,1.14,1.78,2.31,2.92,3.65,3.62,3.59,3.55,5.61
5,TM,Medium duty vehicle,bn-vmt,TMGSLC10,Gasoline,2010,0,1.11,1.11,1.11,1.11,0.88,0,0,0,0,0
5,TM,Medium duty vehicle,bn-vmt,TMGSLE,Gasoline,Existing,2.72,2.18,1.63,1.09,0.54,0,0,0,0,0,0
5,TM,Medium duty vehicle,bn-vmt,TMLPGC,LPG,Future,0,0,0.05,0.09,0.14,0.19,0.25,0.24,0.24,0.24,0.24
5,TM,Medium duty vehicle,bn-vmt,TMLPGC10,LPG,2010,0,0.03,0.03,0.03,0.03,0.03,0,0,0,0,0
5,TM,Medium duty vehicle,bn-vmt,TMLPGE,LPG,Existing,0.06,0.04,0.03,0.02,0.01,0,0,0,0,0,0
6,TM,Medium duty vehicle,bn-vmt,TMCNGC,CNG,Future,0,0,0,0.02,0.04,0.06,0.11,0.11,0.11,0.1,0.1
6,TM,Medium duty vehicle,bn-vmt,TMCNGC10,CNG,2010,0,0.04,0.04,0.04,0.04,0.03,0,0,0,0,0
6,TM,Medium duty vehicle,bn-vmt,TMCNGE,CNG,Existing,0.02,0.02,0.01,0.01,0,0,0,0,0,0,0
6,TM,Medium duty vehicle,bn-vmt,TMDSLC,Diesel,Future,0,0,1.24,2.09,2.88,3.72,4.66,4.77,4.89,5.01,4.42
6,TM,Medium duty vehicle,bn-vmt,TMDSLC10,Diesel,2010,0,0.87,0.87,0.87,0.87,0.7,0,0,0,0,0
6,TM,Medium duty vehicle,bn-vmt,TMDSLE,Diesel,Existing,2.31,1.85,1.39,0.92,0.46,0,0,0,0,0,0
6,TM,Medium duty vehicle,bn-vmt,TMGSLC,Gasoline,Future,0,0,0.39,0.6,0.78,0.99,1.23,1.22,1.21,1.2,1.89
6,TM,Medium duty vehicle,bn-vmt,TMGSLC10,Gasoline,2010,0,0.37,0.37,0.37,0.37,0.3,0,0,0,0,0
6,TM,Medium duty vehicle,bn-vmt,TMGSLE,Gasoline,Existing,0.92,0.73,0.55,0.37,0.18,0,0,0,0,0,0
6,TM,Medium duty vehicle,bn-vmt,TMLPGC,LPG,Future,0,0,0.02,0.03,0.05,0.06,0.08,0.08,0.08,0.08,0.08
6,TM,Medium duty vehicle,bn-vmt,TMLPGC10,LPG,2010,0,0.01,0.01,0.01,0.01,0.01,0,0,0,0,0
6,TM,Medium duty vehicle,bn-vmt,TMLPGE,LPG,Existing,0.02,0.02,0.01,0.01,0,0,0,0,0,0,0
7,TM,Medium duty vehicle,bn-vmt,TMB20C,B20,Future,0,0,0,0,0,0,0,0,0,0,0.87
7,TM,Medium duty vehicle,bn-vmt,TMCNGC,CNG,Future,0,0,0,0,0.06,0.06,0.13,0.13,0.13,0.13,0.13
7,TM,Medium duty vehicle,bn-vmt,TMCNGC10,CNG,2010,0,0.07,0.07,0.07,0.07,0.05,0,0,0,0,0
7,TM,Medium duty vehicle,bn-vmt,TMCNGE,CNG,Existing,0.02,0.02,0.01,0.01,0,0,0,0,0,0,0
7,TM,Medium duty vehicle,bn-vmt,TMDSLC,Diesel,Future,0,0,1.52,2.59,3.52,4.59,5.72,5.86,6,6.15,5.43
7,TM,Medium duty vehicle,bn-vmt,TMDSLC10,Diesel,2010,0,1.05,1.05,1.05,1.05,0.84,0,0,0,0,0
7,TM,Medium duty vehicle,bn-vmt,TMDSLE,Diesel,Existing,2.84,2.27,1.7,1.13,0.57,0,0,0,0,0,0
7,TM,Medium duty vehicle,bn-vmt,TMGSLC,Gasoline,Future,0,0,0.47,0.74,0.96,1.21,1.51,1.5,1.49,1.47,1.46
7,TM,Medium duty vehicle,bn-vmt,TMGSLC10,Gasoline,2010,0,0.46,0.46,0.46,0.46,0.37,0,0,0,0,0
7,TM,Medium duty vehicle,bn-vmt,TMGSLE,Gasoline,Existing,1.13,0.9,0.68,0.45,0.23,0,0,0,0,0,0
7,TM,Medium duty vehicle,bn-vmt,TMLPGC,LPG,Future,0,0,0.02,0.04,0.06,0.08,0.1,0.1,0.1,0.1,0.1
7,TM,Medium duty vehicle,bn-vmt,TMLPGC10,LPG,2010,0,0.01,0.01,0.01,0.01,0.01,0,0,0,0,0
7,TM,Medium duty vehicle,bn-vmt,TMLPGE,LPG,Existing,0.02,0.02,0.01,0.01,0,0,0,0,0,0,0
8,TM,Medium duty vehicle,bn-vmt,TMCNGC,CNG,Future,0,0,0,0,0.1,0.1,0.22,0.22,0.22,0.22,0.21
8,TM,Medium duty vehicle,bn-vmt,TMCNGC10,CNG,2010,0,0.11,0.11,0.11,0.11,0.09,0,0,0,0,0
8,TM,Medium duty vehicle,bn-vmt,TMCNGE,CNG,Existing,0.04,0.03,0.02,0.02,0.01,0,0,0,0,0,0
8,TM,Medium duty vehicle,bn-vmt,TMDSLC,Diesel,Future,0,0,2.57,4.37,5.94,7.75,9.66,9.9,10.14,10.39,9.17
8,TM,Medium duty vehicle,bn-vmt,TMDSLC10,Diesel,2010,0,1.78,1.78,1.78,1.78,1.42,0,0,0,0,0
8,TM,Medium duty vehicle,bn-vmt,TMDSLE,Diesel,Existing,4.79,3.83,2.87,1.92,0.96,0,0,0,0,0,0
8,TM,Medium duty vehicle,bn-vmt,TMGSLC,Gasoline,Future,0,0,0.8,1.25,1.62,2.05,2.56,2.53,2.51,2.49,3.93
8,TM,Medium duty vehicle,bn-vmt,TMGSLC10,Gasoline,2010,0,0.77,0.77,0.77,0.77,0.62,0,0,0,0,0
8,TM,Medium duty vehicle,bn-vmt,TMGSLE,Gasoline,Existing,1.91,1.52,1.14,0.76,0.38,0,0,0,0,0,0
8,TM,Medium duty vehicle,bn-vmt,TMLPGC,LPG,Future,0,0,0.04,0.07,0.1,0.13,0.17,0.17,0.17,0.17,0.17
8,TM,Medium duty vehicle,bn-vmt,TMLPGC10,LPG,2010,0,0.02,0.02,0.02,0.02,0.02,0,0,0,0,0
8,TM,Medium duty vehicle,bn-vmt,TMLPGE,LPG,Existing,0.04,0.03,0.02,0.02,0.01,0,0,0,0,0,0
9,TM,Medium duty vehicle,bn-vmt,TMB20C,B20,Future,0,0,0,0.05,0.05,0.05,0.05,0.04,0,0,0
9,TM,Medium duty vehicle,bn-vmt,TMCNGC,CNG,Future,0,0,0,0,0.08,0.08,0.17,0.17,0.17,0.17,0.17
9,TM,Medium duty vehicle,bn-vmt,TMCNGC10,CNG,2010,0,0.09,0.09,0.09,0.09,0.07,0,0,0,0,0
9,TM,Medium duty vehicle,bn-vmt,TMCNGE,CNG,Existing,0.03,0.03,0.02,0.01,0.01,0,0,0,0,0,0
9,TM,Medium duty vehicle,bn-vmt,TMDSLC,Diesel,Future,0,0,2,3.36,4.59,6,7.48,7.68,7.9,8.09,7.15
9,TM,Medium duty vehicle,bn-vmt,TMDSLC10,Diesel,2010,0,1.38,1.38,1.38,1.38,1.11,0,0,0,0,0
9,TM,Medium duty vehicle,bn-vmt,TMDSLE,Diesel,Existing,3.73,2.99,2.24,1.49,0.75,0,0,0,0,0,0
9,TM,Medium duty vehicle,bn-vmt,TMGSLC,Gasoline,Future,0,0,0.62,0.97,1.26,1.6,1.99,1.98,1.96,1.94,3.06
9,TM,Medium duty vehicle,bn-vmt,TMGSLC10,Gasoline,2010,0,0.6,0.6,0.6,0.6,0.48,0,0,0,0,0
9,TM,Medium duty vehicle,bn-vmt,TMGSLE,Gasoline,Existing,1.48,1.19,0.89,0.59,0.3,0,0,0,0,0,0
9,TM,Medium duty vehicle,bn-vmt,TMLPGC,LPG,Future,0,0,0.03,0.05,0.08,0.1,0.13,0.13,0.13,0.13,0.13
9,TM,Medium duty vehicle,bn-vmt,TMLPGC10,LPG,2010,0,0.02,0.02,0.02,0.02,0.01,0,0,0,0,0
9,TM,Medium duty vehicle,bn-vmt,TMLPGE,LPG,Existing,0.03,0.02,0.02,0.01,0.01,0,0,0,0,0,0
1,TRF,Rail - Freight,bn-t-m,TRFDSL,Diesel,Future,0,1.25,2.65,4.4,6.32,7.81,9.21,9.2,9.2,9.19,9.19
1,TRF,Rail - Freight,bn-t-m,TRFDSLE,Diesel,Existing,8.41,7.01,5.61,4.21,2.8,1.4,0,0,0,0,0
2,TRF,Rail - Freight,bn-t-m,TRFDSL,Diesel,Future,0,10.67,22.61,37.52,53.86,66.59,78.53,78.47,78.43,78.39,78.35
2,TRF,Rail - Freight,bn-t-m,TRFDSLE,Diesel,Existing,71.76,59.8,47.84,35.88,23.92,11.96,0,0,0,0,0
3,TRF,Rail - Freight,bn-t-m,TRFDSL,Diesel,Future,0,33.56,71.12,118.03,169.45,209.5,247.05,246.85,246.73,246.61,246.49
3,TRF,Rail - Freight,bn-t-m,TRFDSLE,Diesel,Existing,225.75,188.13,150.5,112.88,75.25,37.63,0,0,0,0,0
4,TRF,Rail - Freight,bn-t-m,TRFDSL,Diesel,Future,0,27.21,57.67,95.7,137.4,169.87,200.32,200.16,200.06,199.96,199.86
4,TRF,Rail - Freight,bn-t-m,TRFDSLE,Diesel,Existing,183.05,152.54,122.03,91.52,61.02,30.51,0,0,0,0,0
5,TRF,Rail - Freight,bn-t-m,TRFDSL,Diesel,Future,0,37.57,79.63,132.14,189.71,234.54,276.59,276.36,276.23,276.09,275.96
5,TRF,Rail - Freight,bn-t-m,TRFDSLE,Diesel,Existing,252.74,210.62,168.49,126.37,84.25,42.12,0,0,0,0,0
6,TRF,Rail - Freight,bn-t-m,TRFDSL,Diesel,Future,0,19.8,41.96,69.64,99.98,123.61,145.77,145.65,145.58,145.5,145.43
6,TRF,Rail - Freight,bn-t-m,TRFDSLE,Diesel,Existing,133.2,111,88.8,66.6,44.4,22.2,0,0,0,0,0
7,TRF,Rail - Freight,bn-t-m,TRFDSL,Diesel,Future,0,24.9,52.77,87.57,125.72,155.43,183.29,183.14,183.05,182.96,182.88
7,TRF,Rail - Freight,bn-t-m,TRFDSLE,Diesel,Existing,167.49,139.57,111.66,83.74,55.83,27.91,0,0,0,0,0
8,TRF,Rail - Freight,bn-t-m,TRFDSL,Diesel,Future,0,66.68,141.3,234.49,336.64,416.19,490.81,490.41,490.17,489.93,489.69
8,TRF,Rail - Freight,bn-t-m,TRFDSLE,Diesel,Existing,448.49,373.74,298.99,224.24,149.5,74.75,0,0,0,0,0
9,TRF,Rail - Freight,bn-t-m,TRFDSL,Diesel,Future,0,14.37,30.46,50.55,72.57,89.72,105.81,105.72,105.67,105.62,105.56
9,TRF,Rail - Freight,bn-t-m,TRFDSLE,Diesel,Existing,96.68,80.57,64.46,48.34,32.23,16.11,0,0,0,0,0
1,TRP,Rail - Passenger,bn-pass-miles,TPDSLCR,Diesel,Future,0.41,0.45,0.45,0.47,0.49,0.51,0.54,0.57,0.6,0.63,0.66
1,TRP,Rail - Passenger,bn-pass-miles,TPDSLIR,Diesel,Future,0.62,0.68,0.68,0.72,0.76,0.79,0.83,0.88,0.93,0.99,1.04
1,TRP,Rail - Passenger,bn-pass-miles,TPELCCR,Electricity,Future,0.2,0.23,0.23,0.25,0.26,0.28,0.29,0.31,0.33,0.35,0.38
1,TRP,Rail - Passenger,bn-pass-miles,TPELCSUB,Electricity,Future,1.02,1.13,1.14,1.2,1.26,1.32,1.38,1.46,1.55,1.64,1.73
2,TRP,Rail - Passenger,bn-pass-miles,TPDSLCR,Diesel,Future,2.91,3.2,3.2,3.35,3.5,3.66,3.82,4.03,4.24,4.46,4.7
2,TRP,Rail - Passenger,bn-pass-miles,TPDSLIR,Diesel,Future,2.32,2.57,2.57,2.71,2.85,2.99,3.13,3.32,3.51,3.71,3.92
2,TRP,Rail - Passenger,bn-pass-miles,TPELCCR,Electricity,Future,1.45,1.62,1.64,1.74,1.85,1.96,2.07,2.21,2.36,2.52,2.69
2,TRP,Rail - Passenger,bn-pass-miles,TPELCSUB,Electricity,Future,10.26,11.35,11.39,11.98,12.58,13.21,13.83,14.67,15.52,16.41,17.36
3,TRP,Rail - Passenger,bn-pass-miles,TPDSLCR,Diesel,Future,0.77,0.85,0.85,0.89,0.93,0.97,1.01,1.07,1.13,1.19,1.25
3,TRP,Rail - Passenger,bn-pass-miles,TPDSLIR,Diesel,Future,0.55,0.61,0.62,0.65,0.68,0.71,0.75,0.79,0.84,0.89,0.94
3,TRP,Rail - Passenger,bn-pass-miles,TPELCCR,Electricity,Future,0.39,0.43,0.44,0.46,0.49,0.52,0.55,0.59,0.63,0.67,0.71
3,TRP,Rail - Passenger,bn-pass-miles,TPELCSUB,Electricity,Future,1,1.11,1.11,1.17,1.23,1.29,1.35,1.43,1.51,1.6,1.69
4,TRP,Rail - Passenger,bn-pass-miles,TPDSLIR,Diesel,Future,0.19,0.21,0.21,0.22,0.23,0.25,0.26,0.27,0.29,0.31,0.32
4,TRP,Rail - Passenger,bn-pass-miles,TPELCSUB,Electricity,Future,0.1,0.11,0.11,0.11,0.12,0.12,0.13,0.14,0.15,0.15,0.16
5,TRP,Rail - Passenger,bn-pass-miles,TPDSLCR,Diesel,Future,0.14,0.16,0.16,0.16,0.17,0.18,0.19,0.2,0.21,0.22,0.23
5,TRP,Rail - Passenger,bn-pass-miles,TPDSLIR,Diesel,Future,1.09,1.2,1.21,1.27,1.34,1.4,1.47,1.56,1.65,1.74,1.84
5,TRP,Rail - Passenger,bn-pass-miles,TPELCCR,Electricity,Future,0.07,0.08,0.08,0.08,0.09,0.1,0.1,0.11,0.11,0.12,0.13
5,TRP,Rail - Passenger,bn-pass-miles,TPELCSUB,Electricity,Future,1.86,2.06,2.06,2.17,2.28,2.39,2.51,2.66,2.81,2.97,3.14
6,TRP,Rail - Passenger,bn-pass-miles,TPDSLIR,Diesel,Future,0.17,0.19,0.19,0.2,0.21,0.22,0.23,0.24,0.25,0.27,0.28
6,TRP,Rail - Passenger,bn-pass-miles,TPELCSUB,Electricity,Future,0,0,0,0,0.01,0.01,0.01,0.01,0.01,0.01,0.01
7,TRP,Rail - Passenger,bn-pass-miles,TPDSLCR,Diesel,Future,0.02,0.03,0.03,0.03,0.03,0.03,0.03,0.03,0.04,0.04,0.04
7,TRP,Rail - Passenger,bn-pass-miles,TPDSLIR,Diesel,Future,0.17,0.19,0.19,0.2,0.21,0.22,0.23,0.24,0.25,0.27,0.28
7,TRP,Rail - Passenger,bn-pass-miles,TPELCCR,Electricity,Future,0.01,0.01,0.01,0.01,0.02,0.02,0.02,0.02,0.02,0.02,0.02
7,TRP,Rail - Passenger,bn-pass-miles,TPELCSUB,Electricity,Future,0.11,0.13,0.13,0.13,0.14,0.15,0.15,0.16,0.17,0.18,0.19
8,TRP,Rail - Passenger,bn-pass-miles,TPDSLIR,Diesel,Future,0.17,0.19,0.19,0.2,0.21,0.22,0.23,0.24,0.25,0.27,0.28
8,TRP,Rail - Passenger,bn-pass-miles,TPELCSUB,Electricity,Future,0.1,0.11,0.11,0.12,0.12,0.13,0.14,0.14,0.15,0.16,0.17
9,TRP,Rail - Passenger,bn-pass-miles,TPDSLCR,Diesel,Future,0.23,0.25,0.25,0.27,0.28,0.29,0.3,0.32,0.34,0.35,0.37
9,TRP,Rail - Passenger,bn-pass-miles,TPDSLIR,Diesel,Future,1.43,1.58,1.58,1.67,1.75,1.84,1.92,2.04,2.16,2.28,2.41
9,TRP,Rail - Passenger,bn-pass-miles,TPELCCR,Electricity,Future,0.12,0.13,0.13,0.14,0.15,0.16,0.16,0.18,0.19,0.2,0.21
9,TRP,Rail - Passenger,bn-pass-miles,TPELCSUB,Electricity,Future,1.38,1.53,1.53,1.61,1.69,1.78,1.86,1.97,2.09,2.21,2.33
1,TS,Shipping,bn-t-m,TSOil10,Oil,2010,0,0.04,0.04,0.26,0.53,0.81,1.12,1.13,1.13,1.13,1.12
1,TS,Shipping,bn-t-m,TSOilE,Oil,Existing,1.89,1.57,1.19,0.94,0.63,0.31,0,0,0,0,0
1,TS,Shipping,bn-t-m,TSDSL10,Diesel,2010,0,0.08,0.08,0.5,1.03,1.56,2.14,2.17,2.17,2.17,2.18
1,TS,Shipping,bn-t-m,TSDSLE,Diesel,Existing,3.54,2.95,2.2,1.77,1.18,0.59,0,0,0,0,0
2,TS,Shipping,bn-t-m,TSOil10,Oil,2010,0,0.45,0.45,2.91,6.03,9.24,12.72,12.83,12.83,12.78,12.75
2,TS,Shipping,bn-t-m,TSOilE,Oil,Existing,21.4,17.83,13.49,10.7,7.13,3.57,0,0,0,0,0
2,TS,Shipping,bn-t-m,TSDSL10,Diesel,2010,0,0.96,0.96,5.7,11.63,17.72,24.32,24.61,24.61,24.66,24.69
2,TS,Shipping,bn-t-m,TSDSLE,Diesel,Existing,40.18,33.48,24.91,20.09,13.39,6.7,0,0,0,0,0
3,TS,Shipping,bn-t-m,TSOil10,Oil,2010,0,0.94,0.94,6.03,12.49,19.14,26.34,26.56,26.56,26.46,26.4
3,TS,Shipping,bn-t-m,TSOilE,Oil,Existing,44.3,36.92,27.59,22.15,14.77,7.38,0,0,0,0,0
3,TS,Shipping,bn-t-m,TSDSL10,Diesel,2010,0,1.98,1.98,11.81,24.08,36.7,50.36,50.95,50.95,51.05,51.11
3,TS,Shipping,bn-t-m,TSDSLE,Diesel,Existing,83.18,69.31,51.91,41.59,27.73,13.86,0,0,0,0,0
4,TS,Shipping,bn-t-m,TSOil10,Oil,2010,0,0.31,0.31,1.98,4.1,6.28,8.64,8.71,8.71,8.68,8.66
4,TS,Shipping,bn-t-m,TSOilE,Oil,Existing,14.54,12.11,9.05,7.27,4.85,2.42,0,0,0,0,0
4,TS,Shipping,bn-t-m,TSDSL10,Diesel,2010,0,0.65,0.65,3.87,7.9,12.04,16.52,16.71,16.71,16.75,16.77
4,TS,Shipping,bn-t-m,TSDSLE,Diesel,Existing,27.29,22.74,17.03,13.64,9.1,4.55,0,0,0,0,0
5,TS,Shipping,bn-t-m,TSOil10,Oil,2010,0,0.5,0.5,3.2,6.64,10.17,13.99,14.11,14.11,14.06,14.03
5,TS,Shipping,bn-t-m,TSOilE,Oil,Existing,23.54,19.62,14.83,11.77,7.85,3.92,0,0,0,0,0
5,TS,Shipping,bn-t-m,TSDSL10,Diesel,2010,0,1.05,1.05,6.27,12.8,19.5,26.76,27.07,27.07,27.13,27.15
5,TS,Shipping,bn-t-m,TSDSLE,Diesel,Existing,44.19,36.83,27.4,22.1,14.73,7.37,0,0,0,0,0
6,TS,Shipping,bn-t-m,TSOil10,Oil,2010,0,0.58,0.58,3.72,7.71,11.82,16.26,16.4,16.4,16.33,16.3
6,TS,Shipping,bn-t-m,TSOilE,Oil,Existing,27.35,22.79,17.24,13.68,9.12,4.56,0,0,0,0,0
6,TS,Shipping,bn-t-m,TSDSL10,Diesel,2010,0,1.22,1.22,7.29,14.87,22.66,31.09,31.46,31.46,31.52,31.55
6,TS,Shipping,bn-t-m,TSDSLE,Diesel,Existing,51.35,42.8,31.84,25.68,17.12,8.56,0,0,0,0,0
7,TS,Shipping,bn-t-m,TSOil10,Oil,2010,0,1.18,1.18,7.58,15.71,24.06,33.11,33.4,33.4,33.26,33.2
7,TS,Shipping,bn-t-m,TSOilE,Oil,Existing,55.7,46.42,35.1,27.85,18.57,9.28,0,0,0,0,0
7,TS,Shipping,bn-t-m,TSDSL10,Diesel,2010,0,2.49,2.49,14.84,30.28,46.14,63.31,64.06,64.06,64.19,64.26
7,TS,Shipping,bn-t-m,TSDSLE,Diesel,Existing,104.58,87.15,64.85,52.29,34.86,17.43,0,0,0,0,0
8,TS,Shipping,bn-t-m,TSOil10,Oil,2010,0,0,0,0.03,0.05,0.08,0.11,0.11,0.11,0.11,0.11
8,TS,Shipping,bn-t-m,TSOilE,Oil,Existing,0.19,0.16,0.12,0.1,0.06,0.03,0,0,0,0,0
8,TS,Shipping,bn-t-m,TSDSL10,Diesel,2010,0,0.01,0.01,0.05,0.1,0.16,0.22,0.22,0.22,0.22,0.22
8,TS,Shipping,bn-t-m,TSDSLE,Diesel,Existing,0.36,0.3,0.22,0.18,0.12,0.06,0,0,0,0,0
9,TS,Shipping,bn-t-m,TSOil10,Oil,2010,0,0.49,0.49,3.13,6.48,9.92,13.65,13.77,13.77,13.72,13.69
9,TS,Shipping,bn-t-m,TSOilE,Oil,Existing,22.97,19.14,14.47,11.48,7.66,3.83,0,0,0,0,0
9,TS,Shipping,bn-t-m,TSDSL10,Diesel,2010,0,1.03,1.03,6.12,12.48,19.02,26.11,26.41,26.41,26.47,26.49
9,TS,Shipping,bn-t-m,TSDSLE,Diesel,Existing,43.12,35.93,26.74,21.56,14.37,7.19,0,0,0,0,0
